group,vowel_code,ipa,n_speakers,f1_mean,f1_sd,f2_mean,f2_sd,f3_mean,f3_sd,f1_connected,f2_connected
men,iy,iː,5,275,15,2221,255,2765,347,280,2249
men,ih,ɪ,5,382,28,1958,254,2556,255,367,1757
men,eh,ɛ,5,560,30,1797,218,2547,276,494,1650
men,ae,æ,5,732,139,1527,156,2463,250,690,1550
men,uh,ʌ,5,695,66,1224,71,2551,275,644,1259
men,aa,ɑː,5,687,70,1077,41,2490,295,646,1155
men,op,ɒ,5,593,55,866,72,2481,309,558,1047
men,ao,ɔː,5,453,24,642,92,2619,276,415,828
men,oo,ʊ,5,414,10,1051,146,2445,290,379,1173
men,uw,uː,5,302,21,1131,204,2408,221,316,1191
men,er,ɜː,5,513,39,1377,141,2488,201,478,1436
women,iy,iː,5,319,13,2723,60,3203,99,303,2654
women,ih,ɪ,5,432,19,2296,78,2962,52,384,2174
women,eh,ɛ,5,645,95,2287,87,2997,65,719,2063
women,ae,æ,5,1011,44,1759,87,2869,158,1018,1799
women,uh,ʌ,5,813,83,1422,71,2831,144,914,1459
women,aa,ɑː,5,779,63,1181,52,2841,99,910,1316
women,op,ɒ,5,602,53,994,53,2790,140,751,1215
women,ao,ɔː,5,431,37,799,57,2796,143,389,888
women,oo,ʊ,5,414,12,1203,271,2697,65,410,1340
women,uw,uː,5,339,11,1396,94,2674,45,328,1437
women,er,ɜː,5,650,125,1593,49,2839,131,606,1695
