group,vowel_code,ipa,n,f0_mean,f1_mean,f1_sd,f2_mean,f2_sd
boys,ae,æ,27,227,704,80,2472,156
boys,ah,ɑ,27,234,959,113,1650,148
boys,aw,ɔ,27,230,794,91,1251,161
boys,eh,ɛ,27,231,727,94,2225,154
boys,ei,eɪ,27,236,563,61,2608,135
boys,er,ɝ,27,236,567,55,1710,135
boys,ih,ɪ,27,239,518,39,2498,150
boys,iy,i,27,246,444,53,3028,151
boys,oa,oʊ,27,236,606,47,1136,118
boys,oo,ʊ,27,239,567,52,1451,189
boys,uh,ʌ,27,232,714,66,1483,124
boys,uw,u,27,247,493,48,1327,295
girls,ae,æ,19,233,738,100,2532,149
girls,ah,ɑ,19,227,1039,138,1740,172
girls,aw,ɔ,19,235,897,97,1378,132
girls,eh,ɛ,19,229,758,101,2355,126
girls,ei,eɪ,19,240,567,61,2707,185
girls,er,ɝ,19,239,614,45,1736,125
girls,ih,ɪ,19,242,506,37,2640,140
girls,iy,i,19,246,464,28,3159,218
girls,oa,oʊ,19,242,589,86,1145,203
girls,oo,ʊ,19,246,575,57,1583,137
girls,uh,ʌ,19,236,772,108,1614,110
girls,uw,u,19,246,492,41,1510,364
men,ae,æ,45,126,591,42,1930,133
men,ah,ɑ,45,127,756,62,1309,111
men,aw,ɔ,45,125,656,34,1023,66
men,eh,ɛ,45,127,588,41,1803,117
men,ei,eɪ,45,129,476,41,2090,140
men,er,ɝ,45,131,475,29,1379,78
men,ih,ɪ,45,136,429,31,2034,122
men,iy,i,45,139,343,28,2323,136
men,oa,oʊ,45,130,498,43,910,98
men,oo,ʊ,45,133,469,28,1123,97
men,uh,ʌ,45,129,621,30,1181,87
men,uw,u,45,144,380,33,992,113
women,ae,æ,48,214,676,69,2335,159
women,ah,ɑ,48,212,921,97,1526,125
women,aw,ɔ,48,214,804,75,1188,129
women,eh,ɛ,48,213,727,74,2063,143
women,ei,eɪ,48,220,535,63,2526,154
women,er,ɝ,48,218,524,45,1588,126
women,ih,ɪ,48,225,484,34,2369,149
women,iy,i,48,227,437,41,2761,147
women,oa,oʊ,48,218,555,81,1036,123
women,oo,ʊ,48,230,519,41,1229,145
women,uh,ʌ,48,218,760,58,1416,115
women,uw,u,48,236,460,39,1106,205
