quantity,value,unit,low,high,source_file,note
minimum western marionette strings,5,count,,,papers/wepa-string-puppet.txt,"Pimpaneau via WEPA: one per shoulder + one per hand + one from top of head"
basic western marionette strings (8-string form),8,count,,,papers/wepa-string-puppet.txt,"adds one per temple to the minimum-5 set"
elaborate western marionette strings,14,count,,,papers/wepa-string-puppet.txt,"back, shoulders x2, temples x2, elbows x2, wrists x2, four-finger-group x2, calves x2"
near-full-actor-range marionette strings,16,count,22,,papers/wepa-string-puppet.txt,"Pimpaneau: 16-22 strings do almost all actor movements"
horse-riding marionette strings,28,count,,,papers/wepa-string-puppet.txt,"Pimpaneau: up to 28 strings needed to ride a horse"
ICDST minimum full-body-motion strings,8,count,,,papers/icdst-marionette-robotic-manipulation.txt,"2 shoulders (support) + 2 arms + 2 legs + 2 head; page 4 (2.3 Number of Strings)"
ICDST typical western human marionette strings,8,count,12,,papers/icdst-marionette-robotic-manipulation.txt,"page 4, rule of thumb 8-9, typical range 8-12"
ICDST typical Chinese marionette strings,16,count,24,,papers/icdst-marionette-robotic-manipulation.txt,"page 4; up to 50 for fully detailed facial/palm control"
Chinese marionette max strings (Drunken Zhong Kui),50,count,,,papers/icdst-marionette-robotic-manipulation.txt,"page 4, Quanzhou puppet master Huang Yique's figure"
marionettes.cz standard stringing,9,count,,,papers/marionettescz-3dprint-basics.txt,"2 head + 2 shoulders + 2 palms + 2 legs + 1 back, Petr Puppeteer / Marionettes.cz"
Burmese yoke the strings (male),18,count,,,papers/wikipedia-yoke-the.txt,"Wikipedia Yoke the; ICDST corroborates 8-10 on a palm-sized cross control (page 6)"
Burmese yoke the strings (female),19,count,,,papers/wikipedia-yoke-the.txt,"Wikipedia Yoke the"
Burmese H/T control bar length,10,cm,,,papers/wepa-control.txt,"WEPA Control: horizontal H/T-shaped control, ~10 cm long"
Sri Lanka control stick length,40,cm,,,papers/wepa-control.txt,"WEPA Control page"
Salzburg Marionettentheater figure height,60,cm,90,,papers/wepa-string-puppet.txt,"WEPA String Puppet; up to 80 strings claimed but author says 'most have ten or so'"
Salzburg claimed max strings,80,count,,,papers/wepa-string-puppet.txt,"disputed / upper-bound anecdote, WEPA String Puppet"
Fujian (Chinese) large string-puppet height,100,cm,120,,papers/wepa-control.txt,"WEPA Control page"
Fujian large string-puppet strings,5,count,20,,papers/wepa-control.txt,"WEPA Control page, 'five to twenty-odd'"
Fujian bamboo control diameter,10,cm,20,,papers/wepa-control.txt,"WEPA Control page"
Roser (German) horizontal control length,60,cm,,,papers/wepa-control.txt,"controls 3 puppets together, WEPA Control page"
Dwiggins paddle controller length,15,cm,,,papers/icdst-marionette-robotic-manipulation.txt,"page 6, 'a little over 6 inches'; 15.2 cm = 6 in"
Dwiggins paddle controller puppet height,30,cm,,,papers/icdst-marionette-robotic-manipulation.txt,"page 6, '12in puppets'; 30.5 cm = 12 in"
Chinese Gou Pai control plate length,20,cm,,,papers/icdst-marionette-robotic-manipulation.txt,"page 7, wood/bamboo plate"
Chinese Gou Pai control plate width,15,cm,,,papers/icdst-marionette-robotic-manipulation.txt,"page 7"
Burmese palm-sized control strings,8,count,10,,papers/icdst-marionette-robotic-manipulation.txt,"page 7, 2.3.3; two controllers used above 10 strings"
rod-string hybrid European marionette height (19th c.),70,cm,90,,papers/icdst-marionette-robotic-manipulation.txt,"page 5"
rod-string hybrid European marionette dressed weight,10,kg,,,papers/icdst-marionette-robotic-manipulation.txt,"page 5, 'well over 10kg'"
marionette figure performance height range (general),45,cm,75,,papers/icdst-marionette-robotic-manipulation.txt,"page 3, 2.1 Puppet Figure"
ROMS-I figure height,31.2,cm,,,papers/icdst-marionette-robotic-manipulation.txt,"Table 1, page 9"
ROMS-I figure mass,314,g,,,papers/icdst-marionette-robotic-manipulation.txt,"Table 1, page 9"
ROMS-I strings,8,count,,,papers/icdst-marionette-robotic-manipulation.txt,"Table 1, page 9"
ROMS-II figure height,30.5,cm,,,papers/icdst-marionette-robotic-manipulation.txt,"Table 1, page 9"
ROMS-II figure mass,214,g,,,papers/icdst-marionette-robotic-manipulation.txt,"Table 1, page 9"
ROMS-II strings,14,count,,,papers/icdst-marionette-robotic-manipulation.txt,"Table 1, page 9 (marked with * for 14 of 16 motors used as strings)"
ROMS-III figure height,29.5,cm,,,papers/icdst-marionette-robotic-manipulation.txt,"Table 1, page 9"
ROMS-III figure mass,259,g,,,papers/icdst-marionette-robotic-manipulation.txt,"Table 1, page 9"
ROMS-III strings,16,count,,,papers/icdst-marionette-robotic-manipulation.txt,"Table 1, page 9"
ROMS pulley diameter,50,mm,,,papers/icdst-marionette-robotic-manipulation.txt,"page 9, sized to ROMS-II/III figure"
Dwiggins Experimental Theatre in Miniature puppet height,25,cm,,,papers/wepa-string-puppet.txt,"WEPA String Puppet page"
Pelham SS/LS range puppet height,12,in,,,papers/brightontoymuseum-pelham.txt,"30.5 cm; standard cross-box control"
head-to-body height ratio (marionette figures),1:5,ratio,1:3,,papers/marionettescz-3dprint-basics.txt,"vs human 1:8 (1:6 child); exaggerated for readability at distance"
head:palm:feet mass ratio,1:0.75:1,ratio,,,papers/marionettescz-3dprint-basics.txt,"head:palm:feet, professional maker Petr Puppeteer / Cairo commission"
basic professional marionette joint count,14,count,,,papers/marionettescz-3dprint-basics.txt,"2x neck 2x wrist 2x elbow 2x arm(shoulder) 2x hip 2x knee 2x ankle"
Cairo commission puppet height,70,cm,100,,papers/marionettescz-3dprint-basics.txt,"18 marionettes, 30-40in commissioned from Marionettes.cz"
Opera dei Pupi Catania height,110,cm,130,,papers/wikipedia-opera-dei-pupi.txt,"Wikipedia Opera dei Pupi"
Opera dei Pupi Catania mass,16,kg,30,,papers/wikipedia-opera-dei-pupi.txt,"Wikipedia gives ~30kg; WEPA Pupi page gives '16 kg and more' for same school"
Opera dei Pupi Palermo height (Wikipedia),90,cm,,,papers/wikipedia-opera-dei-pupi.txt,"Wikipedia Opera dei Pupi"
Opera dei Pupi Palermo mass (Wikipedia),5,kg,10,,papers/wikipedia-opera-dei-pupi.txt,"Wikipedia Opera dei Pupi"
Opera dei Pupi Palermo height (WEPA),80,cm,100,,papers/wepa-pupi.txt,"WEPA Pupi page"
Opera dei Pupi Palermo mass (WEPA),8,kg,,,papers/wepa-pupi.txt,"WEPA Pupi page"
Opera dei Pupi Syracuse height,110,cm,,,papers/wikipedia-opera-dei-pupi.txt,"Wikipedia Opera dei Pupi"
Opera dei Pupi Syracuse mass,20,kg,,,papers/wikipedia-opera-dei-pupi.txt,"Wikipedia Opera dei Pupi"
Opera dei Pupi Naples height,110,cm,,,papers/wepa-pupi.txt,"WEPA Pupi page"
nylon density,1.15,g/cm3,,,papers/wikipedia-nylon.html,"Wikipedia Nylon page; used only to derive an approximate thread mass/metre below"
braided fishing line diameter at 8 lb test,0.13,mm,,,papers/norrik-fishing-line-strength-charts.txt,"norrik.com strength chart; corroborated in principle by Bullbuster listing (30lb=0.28mm)"
braided fishing line diameter at 10 lb test,0.15,mm,,,papers/norrik-fishing-line-strength-charts.txt,"norrik.com strength chart"
braided fishing line diameter at 15 lb test,0.18,mm,,,papers/norrik-fishing-line-strength-charts.txt,"norrik.com strength chart"
braided fishing line diameter at 20 lb test,0.23,mm,,,papers/norrik-fishing-line-strength-charts.txt,"norrik.com strength chart"
braided fishing line diameter at 30 lb test,0.28,mm,,,papers/norrik-fishing-line-strength-charts.txt,"norrik.com chart; matches papers/bullbuster-30lb-0.28mm.html product spec exactly"
monofilament diameter at 6 lb test,0.25,mm,,,papers/norrik-fishing-line-strength-charts.txt,"norrik.com strength chart"
monofilament diameter at 10 lb test,0.30,mm,,,papers/norrik-fishing-line-strength-charts.txt,"norrik.com strength chart"
puppeteer-recommended marionette line strength (light figure),5,lb,10,,papers/puppetsandstuff-best-marionette-strings.txt,"Shawn, Puppets And Stuff forum, black braided fishing line"
puppeteer-recommended marionette line strength (general),10,lb,,,papers/puppetsandstuff-topic-5585.txt,"Shawn: 'anywhere from 10lb on up depending on how heavy the puppet is'"
puppeteer-used ice-fishing braided line strength,25,lb,,,papers/puppetsandstuff-topic-5585.txt,"Abdolos, Puppets And Stuff forum"
common marionette braided line strength (thin),30,lb,100,,papers/puppetbuildingworld-string.txt,"puppetbuildingworld.com: 30lb 'thin and works great'; up to 100lb for heavy puppets"
derived thread mass per metre at 0.28mm (30lb braided-equiv diameter),0.071,g/m,,,data/01-stringing-numbers.csv,"DERIVED, not measured: solid-cylinder approx = nylon density x cross-section area x 1m; real braid has voids so true value likely lower; see report section 'Numbers for the model'"
derived thread mass per metre at 0.15mm (10lb braided-equiv diameter),0.020,g/m,,,data/01-stringing-numbers.csv,"DERIVED, not measured, same method as above"
monofilament nylon operational stretch under fishing load,2,%,9,,papers/masterfishingmag-monofilament-stretch.txt,"real-world stretch under normal drag, NOT a marionette measurement"
monofilament nylon stretch-to-break (lab, packaging figure),25,%,35,,papers/masterfishingmag-monofilament-stretch.txt,"elongation at the instant of line failure, NOT operational stretch"
measured marionette string tension in performance,NOT FOUND,,,,,"no engineering/biomechanics study located measuring in-performance marionette string tension; see report"
control-bar string length as fraction of puppet height (general rule),NOT FOUND,,,,,"no source gives a fixed ratio; string length set by stage/booth height and puppeteer arm position (WEPA String Puppet, papers/wepa-string-puppet.txt) rather than a proportion of puppet height"
lead ballast mass added to marionette hands/feet,NOT FOUND,g,,,,"Pelham 'Lead Closed Hands' (papers/brightontoymuseum-pelham.txt) and lead weights in feet (papers/clivehicksjenkins-marionette-part2.txt) are attested; no source gives a gram figure"
