segment,sex,mass_fraction_pct_body_mass,length_fraction_pct_stature,com_position_pct_from_proximal,radius_of_gyration_sagittal_pct_length,radius_of_gyration_transverse_pct_length,radius_of_gyration_longitudinal_pct_length,source_file,notes
Head,F,6.68,11.54,58.94,33.0,35.9,31.8,deleva1996-adjustments-zatsiorsky-seluyanov.txt,"de Leva Table 4, easy-to-use endpoints VERT (vertex) to MIDH (mid-gonion); length_fraction computed here as 200.2mm / 1735mm reference female stature (both reported in same table row)"
Head,M,6.94,11.68,59.76,36.2,37.6,31.2,deleva1996-adjustments-zatsiorsky-seluyanov.txt,"de Leva Table 4, VERT-MIDH; length_fraction = 203.3mm / 1741mm reference male stature"
Head_altVERTCERV,F,6.68,14.04,48.41,27.1,29.5,26.1,deleva1996-adjustments-zatsiorsky-seluyanov.txt,"de Leva Table 4 alternative endpoints VERT (vertex) to CERV (cervicale); length_fraction = 243.7/1735; use this row if the marionette's head segment includes the neck"
Head_altVERTCERV,M,6.94,13.95,50.02,30.3,31.5,26.1,deleva1996-adjustments-zatsiorsky-seluyanov.txt,"de Leva Table 4, VERT-CERV; length_fraction = 242.9/1741"
Trunk,F,42.57,30.51,41.51,35.7,33.9,17.1,deleva1996-adjustments-zatsiorsky-seluyanov.txt,"de Leva Table 4, primary endpoints SUPR (suprasternale) to XYPH/OMPH; length_fraction = 529.3/1735. Mass fraction is the same for all Trunk rows regardless of endpoint choice -- it is one segment measured two ways."
Trunk,M,43.46,30.55,44.86,37.2,34.7,19.1,deleva1996-adjustments-zatsiorsky-seluyanov.txt,"de Leva Table 4, SUPR-XYPH/OMPH; length_fraction = 531.9/1741"
Trunk_altCERVMIDH,F,42.57,35.43,49.64,30.7,29.2,14.7,deleva1996-adjustments-zatsiorsky-seluyanov.txt,"de Leva Table 4 alternative endpoints CERV (cervicale) to MIDH (mid-hip) -- the standard neck-to-hip trunk length used in most link-segment models; length_fraction = 614.8/1735"
Trunk_altCERVMIDH,M,43.46,34.65,51.38,32.8,30.6,16.9,deleva1996-adjustments-zatsiorsky-seluyanov.txt,"de Leva Table 4, CERV-MIDH; length_fraction = 603.3/1741"
Upper_arm,F,2.55,15.85,57.54,27.8,26.0,14.8,deleva1996-adjustments-zatsiorsky-seluyanov.txt,"de Leva Table 4, SK (shoulder/acromion) to KJC (elbow joint center); length_fraction = 275.1/1735"
Upper_arm,M,2.71,16.18,57.72,28.5,26.9,15.8,deleva1996-adjustments-zatsiorsky-seluyanov.txt,"de Leva Table 4; length_fraction = 281.7/1741"
Forearm,F,1.38,15.22,45.59,26.1,25.7,9.4,deleva1996-adjustments-zatsiorsky-seluyanov.txt,"de Leva Table 4, ETC (elbow) to TTIP (wrist); length_fraction = 264.3/1735"
Forearm,M,1.62,15.44,45.74,27.6,26.5,12.1,deleva1996-adjustments-zatsiorsky-seluyanov.txt,"de Leva Table 4; length_fraction = 268.9/1741"
Hand,F,0.56,4.50,74.74,53.1,45.4,33.5,deleva1996-adjustments-zatsiorsky-seluyanov.txt,"de Leva Table 4, WJC (wrist) to fingertip; length_fraction = 78.0/1735"
Hand,M,0.61,4.95,79.00,62.8,51.3,40.1,deleva1996-adjustments-zatsiorsky-seluyanov.txt,"de Leva Table 4; length_fraction = 86.2/1741"
Thigh,F,14.78,21.24,36.12,36.9,36.4,16.2,deleva1996-adjustments-zatsiorsky-seluyanov.txt,"de Leva Table 4, HJC (hip) to knee; length_fraction = 368.5/1735"
Thigh,M,14.16,24.25,40.95,32.9,32.9,14.9,deleva1996-adjustments-zatsiorsky-seluyanov.txt,"de Leva Table 4; length_fraction = 422.2/1741"
Shank,F,4.81,24.91,44.16,27.1,26.7,9.3,deleva1996-adjustments-zatsiorsky-seluyanov.txt,"de Leva Table 4, KJC (knee) to ankle; length_fraction = 432.3/1735"
Shank,M,4.33,24.93,44.59,25.5,24.9,10.3,deleva1996-adjustments-zatsiorsky-seluyanov.txt,"de Leva Table 4; length_fraction = 434.0/1741"
Foot,F,1.29,13.16,40.14,29.9,27.9,13.9,deleva1996-adjustments-zatsiorsky-seluyanov.txt,"de Leva Table 4, HEEL to toe tip; length_fraction = 228.3/1735"
Foot,M,1.37,14.82,44.15,25.7,24.5,12.4,deleva1996-adjustments-zatsiorsky-seluyanov.txt,"de Leva Table 4; length_fraction = 258.1/1741"
Hand_dempster,MF_combined,0.6,NOT FOUND,50.6,29.7,NOT FOUND,NOT FOUND,winter-anthro-table-illinois-me481.txt,"Dempster via Winter Table 4.1: mass 0.006 x body wt; CM 0.506 from proximal (wrist); radius of gyration about own CG 0.297 x segment length. Radius of gyration is reported about CG/proximal/distal only (no 3-axis breakdown like de Leva) -- proximal/distal r-of-gyration 0.587/0.577 also reported, see note2."
Forearm_dempster,MF_combined,1.6,NOT FOUND,43.0,NOT FOUND,NOT FOUND,NOT FOUND,winter-anthro-table-illinois-me481.txt,"Dempster via Winter Table 4.1: mass 0.016 x body wt; CM 0.430 from proximal (elbow); radius of gyration values not legible in this row of the extracted table (PDF column misalignment) -- recorded as NOT FOUND rather than guessed"
Upper_arm_dempster,MF_combined,2.8,NOT FOUND,43.6,30.3,NOT FOUND,NOT FOUND,winter-anthro-table-illinois-me481.txt,"Dempster via Winter Table 4.1: mass 0.028 x body wt; CM 0.436 from proximal (shoulder); radius of gyration about own CG 0.303 x segment length"
Foot_dempster,MF_combined,1.45,NOT FOUND,50.0,NOT FOUND,NOT FOUND,NOT FOUND,winter-anthro-table-illinois-me481.txt,"Dempster via Winter Table 4.1: mass 0.0145 x body wt; CM 0.50 (midpoint, malleolus to metatarsal II)"
Leg_shank_dempster,MF_combined,4.65,NOT FOUND,43.3,46.8,NOT FOUND,NOT FOUND,winter-anthro-table-illinois-me481.txt,"Dempster via Winter Table 4.1: mass 0.0465 x body wt; CM 0.433 from proximal (knee); radius of gyration about own CG 0.468 x segment length (Dempster's shank includes more distal soft tissue than de Leva's Shank -- expect a somewhat larger r-of-gyration)"
Thigh_dempster,MF_combined,10.0,NOT FOUND,43.3,NOT FOUND,NOT FOUND,NOT FOUND,winter-anthro-table-illinois-me481.txt,"Dempster via Winter Table 4.1: mass 0.100 x body wt; CM 0.433 from proximal (hip)"
Head_neck_dempster,MF_combined,8.1,NOT FOUND,100.0,NOT FOUND,NOT FOUND,NOT FOUND,winter-anthro-table-illinois-me481.txt,"Dempster via Winter Table 4.1: mass 0.081 x body wt; segment defined C7-T1/1st rib to ear canal, CM position column shows 1.000/0.50 (P) -- ambiguous in the extracted table, use de Leva's Head row instead for CM/r-of-gyration and this row only for the mass-fraction cross-check (0.081 vs de Leva 0.0668-0.0694 -- Dempster's head+neck is heavier because it includes the neck, consistent)"
Trunk_dempster,MF_combined,28.1,NOT FOUND,50.0,NOT FOUND,NOT FOUND,NOT FOUND,winter-anthro-table-illinois-me481.txt,"Dempster via Winter Table 4.1: 'Trunk' (greater trochanter to glenohumeral joint) mass 0.281 x body wt -- NOT directly comparable to de Leva's Trunk (which is chest/abdomen only, SUPR-XYPH) or Trunk_altCERVMIDH (cervicale-mid hip); Dempster's trunk endpoint is the hip joint itself, not mid-hip, and excludes head/neck. Use for a sanity-check magnitude only, not a plug-in value."
Shoulder_height_stature_fraction,averaged,NOT APPLICABLE,82.0,NOT APPLICABLE,NOT FOUND,NOT FOUND,NOT FOUND,fromuth2008-segment-lengths-stature.txt,"Fromuth 2008 Fig.5, 50th-percentile 'acromial height' (standing shoulder height) = 0.820 x stature, averaged M/F, ANSUR-derived boundary ratio in the Drillis-Contini tradition. Used only to cross-check overall body proportions, not a segment mass/inertia row."
Hip_height_stature_fraction,averaged,NOT APPLICABLE,52.8,NOT APPLICABLE,NOT FOUND,NOT FOUND,NOT FOUND,fromuth2008-segment-lengths-stature.txt,"Fromuth 2008 Fig.5, 'trochanterion height' = 0.528 x stature"
Knee_height_stature_fraction,averaged,NOT APPLICABLE,28.4,NOT APPLICABLE,NOT FOUND,NOT FOUND,NOT FOUND,fromuth2008-segment-lengths-stature.txt,"Fromuth 2008 Fig.5, 'lateral femoral epicondyle height' = 0.284 x stature; Thigh length = hip height - knee height = 0.528-0.284 = 0.244 x stature (computed here, not printed directly in the source)"
Ankle_height_stature_fraction,averaged,NOT APPLICABLE,3.8,NOT APPLICABLE,NOT FOUND,NOT FOUND,NOT FOUND,fromuth2008-segment-lengths-stature.txt,"Fromuth 2008 Fig.5, 'lateral malleolus height' = 0.038 x stature; Shank length = knee height - ankle height = 0.284-0.038 = 0.246 x stature (computed here). Both thigh (0.244) and shank (0.246) fractions agree with de Leva's mm-derived fractions (0.212-0.249) within the expected male/female and definitional spread."
Hand_length_stature_fraction,averaged,NOT APPLICABLE,11.1,NOT APPLICABLE,NOT FOUND,NOT FOUND,NOT FOUND,fromuth2008-segment-lengths-stature.txt,"Fromuth 2008 Fig.5, 'hand length' (F, landmark) = 0.111 x stature -- close to de Leva's 0.045-0.050 x stature for WJC-to-fingertip (Fromuth's 'hand length' landmark F likely runs wrist crease to fingertip on a different definition; treat de Leva's Hand row as the authoritative one for a hanging fingertip-string figure, this row as a rough proportion check only)"
Forearm_length_stature_fraction,averaged,NOT APPLICABLE,15.1,NOT APPLICABLE,NOT FOUND,NOT FOUND,NOT FOUND,fromuth2008-segment-lengths-stature.txt,"Fromuth 2008 Fig.5, 'radiale-stylion length' (G) = 0.151 x stature, matching de Leva's 0.152-0.154 x stature closely (good cross-check agreement)"
Upper_arm_length_stature_fraction,averaged,NOT APPLICABLE,19.3,NOT APPLICABLE,NOT FOUND,NOT FOUND,NOT FOUND,fromuth2008-segment-lengths-stature.txt,"Fromuth 2008 Fig.5, 'acromion-radiale length' (H) = 0.193 x stature, matching de Leva's 0.158-0.162 x stature reasonably (both in the ~0.16-0.19 range; small gap likely a landmark-definition difference)"
