category,quantity,value,unit,source_file,notes
Camera spec (Apple),main camera 35mm-equivalent focal length,26,mm,apple-iphone14-techspecs.txt,"Apple's own iPhone 14 tech-specs page; also in wikipedia-iphone14.txt"
Camera spec (Apple),main camera aperture,f/1.5,ratio,apple-iphone14-techspecs.txt,"sensor-shift OIS, 100% Focus Pixels"
Camera spec (Apple),ultra-wide 35mm-equivalent focal length,13,mm,apple-iphone14-techspecs.txt,"not used in this shot; 120 deg FOV per Apple"
Camera spec (Apple),front (TrueDepth) camera focal length,23,mm,gsmarena-iphone14-review-video.txt,"not used in this shot"
Camera spec (teardown),main sensor pixel pitch,1.9,micron,4sense-iphone14-sensors.txt,"iPhone 14/Plus main rear camera; reused iPhone 13 Pro/Max sensor design"
Camera spec (teardown),iPhone 13 base main sensor pixel pitch,1.7,micron,4sense-iphone14-sensors.txt,"predecessor value, for contrast; NOT the iPhone 14 sensor"
Camera spec,native photo resolution width,4032,px,howtogeek-iphone-photo-resolution.txt,"12 MP, 4:3 aspect, standard since iPhone 6s-era sensors"
Camera spec,native photo resolution height,3024,px,howtogeek-iphone-photo-resolution.txt,""
"Camera spec (DxOMark -- CONFLICTS; see note)",primary sensor format per DxOMark overview,1/1.9,inch,dxomark-iphone14-camera-test.txt,"DxOMark's own overview panel lists BOTH primary and ultra-wide as '24mm equivalent', which is internally inconsistent (Apple states 13mm for the ultra-wide) -- treated as unreliable and NOT used; Apple spec + teardown pixel pitch used instead"
Derived (this project),sensor width,7.661,mm,derived,"= native width 4032 px x pixel pitch 1.9 micron (4sense-iphone14-sensors.txt + howtogeek-iphone-photo-resolution.txt)"
Derived (this project),sensor height,5.746,mm,derived,"= native height 3024 px x pixel pitch 1.9 micron"
Derived (this project),sensor diagonal,9.576,mm,derived,"sqrt(7.661^2 + 5.746^2)"
Derived (this project),crop factor vs 35mm full frame,4.52,x,derived,"43.27 mm (full-frame diagonal) / 9.576 mm sensor diagonal"
Derived (this project),actual (physical) focal length,5.75,mm,derived,"26 mm equiv / 4.52 crop factor; NOT FOUND directly in a saved source, cross-checked only against unconfirmed secondary claims of '5.7 mm' seen in search results but not archived"
Derived (this project),fx at native 4032 px sensor width,3026,px,derived,"= 5.75 mm / 1.9 micron pixel pitch"
Derived (this project; ASSUMPTION),"fx at 1920x1080 output, no stabilization crop",1441,px,derived,"assumes video crop keeps full sensor width and only crops height to 16:9 before scaling to 1920 px wide -- Apple does not publish the exact per-mode sensor readout window, flagged as an assumption"
Derived (this project; ASSUMPTION),"fx at 1920x1080 output, with ~10% stabilization crop",1601,px,derived,"fx_no_stab / 0.9, i.e. only the inner 90% of width/height is used when EIS is active"
Derived (this project),horizontal FOV -- photo mode (full sensor),60.6,deg,derived,"2*atan((7.661/2)/5.75)"
Derived (this project),diagonal FOV -- photo mode (full sensor),79.6,deg,derived,"2*atan((9.576/2)/5.75); close to an unconfirmed 79.52 deg figure seen in a paywalled secondary source (rjallain-iphone13-fov-medium.txt teaser) -- used only as an informal cross-check, not as a citation"
Derived (this project; ASSUMPTION),"horizontal FOV -- 1080p video, no stabilization",67.4,deg,derived,"2*atan(960/1441)"
Derived (this project; ASSUMPTION),"vertical FOV -- 1080p video, no stabilization",41.2,deg,derived,"2*atan(540/1441)"
Derived (this project; ASSUMPTION),"horizontal FOV -- 1080p video, with ~10% stabilization crop",61.7,deg,derived,"2*atan(960/1601); RECOMMENDED value for the pinhole model"
Derived (this project; ASSUMPTION),"vertical FOV -- 1080p video, with ~10% stabilization crop",36.9,deg,derived,"2*atan(540/1601); RECOMMENDED value for the pinhole model"
Stabilization,fraction of sensor reserved per dimension when EIS is active,10,percent,iphonelife-disable-stabilization.txt,"measured via paired framegrabs (IS on vs off) on an older iPhone; the 10%-both-dimensions figure is repeated in general iPhone-videography commentary through the iPhone 14 era; GSMArena confirms iPhone 14 has an EIS on/off toggle (gsmarena-iphone14-review-video.txt)"
"Calibration (measured; iPhone 14)",focal-length estimate standard deviation across 24 calibration configs,1-2,px,isprs2025-smartphone-camera-calibration-iphone14.txt,"Kalibr calibration of an actual iPhone 14 at 1920x1080 30fps against AprilGrid/checkerboard targets"
"Calibration (measured; iPhone 14)",focal-length spread across calibration setups (worst case),50,px,isprs2025-smartphone-camera-calibration-iphone14.txt,"variation from grid type/size + distortion model choice alone"
"Calibration (measured; iPhone 14)",principal-point spread across calibration setups (worst case),35,px,isprs2025-smartphone-camera-calibration-iphone14.txt,""
"Rolling shutter (analog; NOT iPhone 14)",iPhone 15 Pro main (24mm) camera full-sensor readout,5.3,ms,cined-iphone15pro-rolling-shutter.txt,"different generation/sensor than the base iPhone 14; used only as an order-of-magnitude estimate; measured with a 300 Hz strobe"
"Rolling shutter (analog; NOT iPhone 14)",iPhone 15 Pro ultra-wide (13mm) readout,4.7,ms,cined-iphone15pro-rolling-shutter.txt,""
"Rolling shutter (analog; NOT iPhone 14)",iPhone 15 Pro telephoto readout,5.0,ms,cined-iphone15pro-rolling-shutter.txt,""
"Rolling shutter (analog; NOT iPhone 14)",iPhone 15 Pro front camera readout,9.3,ms,cined-iphone15pro-rolling-shutter.txt,""
Shutter / exposure,frame interval at 30 fps (hard ceiling on exposure time),33.3,ms (1/30 s),derived,"physical constraint of the frame rate, not a citation; typical indoor auto-exposure sits between this ceiling and roughly 1/60 s per the task brief"
"HDR pipeline (Apple; primary)",HDR video transfer function,HLG,-,apple-hdr-dolby-vision-avfoundation.txt,"Dolby Vision Profile 8, Cross-compatibility ID 4 (HLG); backwards-compatible HLG base layer"
"HDR pipeline (Apple; primary)",HDR video codec / bit depth,HEVC 10-bit,-,apple-hdr-dolby-vision-avfoundation.txt,""
HDR pipeline,HLG (10-bit) encodable contrast ratio,3145000:1,ratio,blackburnapps-iphone-sdr-hdr-video.txt,"approx.; for comparison against BT.709 SDR below"
HDR pipeline,BT.709 SDR (8-bit) encodable contrast ratio,985:1,ratio,blackburnapps-iphone-sdr-hdr-video.txt,"for comparison"
HDR pipeline,Dolby Vision HDR video introduced,iPhone 12 Pro (2020),-,blackburnapps-iphone-sdr-hdr-video.txt,"HLG transfer function in BT.2020 color space; carried forward to iPhone 14"
Shadow-to-light geometry,PCSS penumbra-width relation,w_penumbra = w_light * (d_receiver - d_blocker) / d_blocker,formula,fernando2005-percentage-closer-soft-shadows.txt,"similar-triangles soft-shadow relation; distances measured from the light; recommended relation for reading the hand's soft-shadow penumbra back into a light angular size / hand-to-wall distance"
Matting,guided filter time complexity,O(N) (subsampled: O(N/s^2)),-,he2010-guided-image-filter.txt; he2015-fast-guided-filter.txt,"s = subsampling ratio; fast variant reports 10x+ speedup with ~no visible quality loss"
Matting,Robust Video Matting (RVM) throughput at 4K,76,fps,lin2022-robust-video-matting.txt,"on an Nvidia GTX 1080 Ti"
Matting,Robust Video Matting (RVM) throughput at HD,104,fps,lin2022-robust-video-matting.txt,"on an Nvidia GTX 1080 Ti"
Matting,MODNet throughput,67,fps,ke2020-modnet.txt,"on an Nvidia GTX 1080 Ti"
Bloom,Kawase/Oat bloom downsample kernel weights,"1/16, 2/16, 4/16 (binomial 3x3)",-,oat2003-realtime-3d-scene-postprocessing.txt,"iterated at progressively coarser downsample levels to build a wide cheap Gaussian-like bloom; exact HLSL kernel code preserved in the source slides"
Bloom,dual-filter (Bjorge 2015) relative frame cost at 1080p,~2-3,ms,bjorge2015-bandwidth-efficient-rendering-dual-filter.txt,"vs ~20-40+ ms for naive box/5x5-Gaussian iterative approaches on a Mali-T760 MP8 mobile GPU; exact bar-to-label mapping in the source chart is approximate due to OCR of a figure"
Bloom (physically-based),recommended HDR blend bias toward sharp image,~0.04,-,learnopengl-physically-based-bloom.txt,"linear interpolation bias reported by Jorge Jimenez (Call of Duty: Advanced Warfare, SIGGRAPH 2014) for a no-threshold, physically-based bloom"
