quantity,value,unit,source_file,note
Glare PSF - unscattered term,narrow central Gaussian,shape (no single number),papers/spencer1995-physically-based-glare.txt,"Vos's 3-term point-spread function for ocular glare; represents the sharp unscattered image of the source itself"
Glare PSF - near-field term,proportional to 1/theta^3,shape,papers/spencer1995-physically-based-glare.txt,"dominant term for visual angle theta < 1-2 degrees from the glare source; this is the bulk of the visible 'halo'"
Glare PSF - far-field term,proportional to 1/theta^2,shape,papers/spencer1995-physically-based-glare.txt,"dominant term for theta > ~1 degree; the long low-level tail of veiling luminance beyond the halo"
Glare halo dominance crossover,1-2,degrees of visual angle,papers/spencer1995-physically-based-glare.txt,"angle at which the 1/theta^3 near-field term stops dominating and the 1/theta^2 far-field term takes over"
Ciliary corona / flare-line cutoff (Simpson),20,arcminutes (0.33 deg),papers/spencer1995-physically-based-glare.txt,"sources subtending MORE than this do not show significant flare lines; the fine radial corona blurs into bloom for larger sources"
Perceived vs physically-scattered ocular light,~10 (perceived) vs ~40 (physical),percent,papers/spencer1995-physically-based-glare.txt,"discrepancy explained by the Crawford-Stiles effect (directional cone sensitivity absorbs stray light beyond a few degrees)"
Ocular scatter fraction at age 20,0.36,fraction of light scattered,papers/spencer1995-physically-based-glare.txt,"Vos's age-dependent PSF weighting; central 3rd term coefficient"
Ocular scatter fraction at age 60,0.45,fraction of light scattered,papers/spencer1995-physically-based-glare.txt,"roughly doubles again by age 70; no sex difference, minor pigmentation effect"
Core:halo brightness ratio (single number),NOT FOUND,--,papers/spencer1995-physically-based-glare.txt,"the literature models glare as a continuous multi-term PSF, not a single two-zone ratio; treat core/halo separation as an artistic construction per item 6, not a physical constant"
Veiling luminance relation,Lv(theta) = k * f(theta) * E_eye,formula,papers/spencer1995-physically-based-glare.txt,"Lv = equivalent veiling luminance added to nearby objects (cd/m^2); E_eye = illuminance at the eye from the glare source (lux); theta = angle from source (deg); k and f(theta) empirically fit, not universal constants"
1 arcminute in pixels (reused from item 9),1.26,px,../09-colour-salience-figure-ground.md (data/09-colour-numbers.csv),"at 1080x1920 delivery, 30 cm phone viewing distance; reused unchanged for the halo-size conversion below"
1 degree of visual angle in pixels (derived),75.6,px,synthesis (60 x 1.26 px/arcmin),"at the same 1080x1920 / 30 cm viewing geometry; used to translate Spencer's 1-2 degree PSF dominance crossover into an on-screen halo radius"
Suggested halo 'near' radius (1 deg),~76,px at delivery resolution,synthesis (this project),"most of the perceptually important glare energy (the 1/theta^3 term) should sit within roughly this radius of the emissive core, per Spencer's PSF; the far 1/theta^2 tail extends further at much lower amplitude"
H-K effect - weakest hues,green and yellow,qualitative,papers/wikipedia-helmholtz-kohlrausch.html,"stated directly by the Wikipedia H-K article; implies red/blue/violet/magenta-leaning hues show a stronger brightness boost at matched luminance"
H-K effect - aviation example,~2x,luminance ratio (white incandescent : red LED for equal perceived brightness),papers/wikipedia-helmholtz-kohlrausch.html,"white reference lamp needs roughly twice the luminance of a saturated red LED lamp to look equally bright; the only concrete numeric H-K example found this pass"
H-K closed-form model (Nayatani 1997 / Fairchild-Pirrotta 1991),NOT FOUND,--,papers/wikipedia-helmholtz-kohlrausch.html,"named by Wikipedia as the standard models; both are paywalled (Wiley/Color Research & Application) and were not fetched this pass"
Spectral violet wavelength range,380-435,nm,papers/wikipedia-violet-color.html,"Wikipedia's own infobox range for the colour article"
Spectral violet range (Shades of violet's own scheme),380-420,nm,papers/wikipedia-shades-of-violet.html,"narrower band used specifically to name 'electric violet' as the ~400 nm midpoint approximation; 420-450 nm is treated as a separate 'indigo' band on this page"
Electric violet - sRGB hex,#8F00FF,hex,papers/wikipedia-shades-of-violet.html,"RGB (143,0,255); HSV (274,100%,100%); ISCC-NBS name 'Vivid violet'; source page itself flags its own citation ('HTML Color Chart') as failed verification -- treat as a widely-used convention, not a standard"
Electric violet - approximated real wavelength,~400,nm,papers/wikipedia-shades-of-violet.html,"stated as the midpoint of the 380-420 nm violet band; matches the brief's '400-420 nm electromagnetic violet' framing"
Colour-wheel violet - sRGB hex,#8000FF,hex,papers/wikipedia-violet-color.html,"RGB (128,0,255); HSV (270,100%,100%); this is Wikipedia's own infobox colour for the 'Violet (color)' article, sourced to the W3C CSS Color Module Level 3 keyword list; approximates ~417 nm, at the violet/indigo boundary"
Vivid/extreme violet - sRGB hex,#9F00FF,hex,papers/wikipedia-shades-of-violet.html,"RGB (159,0,255); approximates the extreme short-wavelength edge of violet, ~380 nm"
Dark/pigment violet (X11 'darkviolet') - sRGB hex,#9400D3,hex,papers/wikipedia-shades-of-violet.html,"RGB (148,0,211); offered as the desaturated 'artist's pigment' analogue of electric violet, not an emissive/neon look"
Web colour literally named 'violet' - sRGB hex,#EE82EE,hex,papers/wikipedia-shades-of-violet.html,"RGB (238,130,238); NOT a spectral-violet approximation -- the article states this is actually a pale tint of magenta; avoid using this swatch for a neon violet"
Electric violet #8F00FF relative luminance Y,0.1306,dimensionless (0-1),synthesis (sRGB EOTF + BT.709 weights, same formula as item 9's abstracts/wikipedia-cielab-srgb-formulas.txt),"computed this session"
Electric violet #8F00FF CIE L*,42.85,L* units (0-100),synthesis (same formula as above),"computed this session; ~10.4 L* units DARKER than pure red (53.23) at the same HSV S=100% V=100% -- violet is the least luminous of the fully-saturated hues checked except pure blue"
Colour-wheel violet #8000FF CIE L*,40.91,L* units (0-100),synthesis (same formula),"computed this session"
Vivid/extreme violet #9F00FF CIE L*,45.07,L* units (0-100),synthesis (same formula),"computed this session; the most red-shifted of the three violet approximations is also the lightest of the three, but still well below red"
Dark/pigment violet #9400D3 CIE L*,39.58,L* units (0-100),synthesis (same formula),"computed this session; darkest of the violet set, consistent with being the desaturated 'pigment' version"
Pure red #FF0000 CIE L* (reused from item 9),53.23,L* units (0-100),../09-colour-salience-figure-ground.md (data/09-colour-numbers.csv),"reused unchanged; comparison anchor for the violet L* values above"
Pure blue #0000FF CIE L* (reused from item 9),32.30,L* units (0-100),../09-colour-salience-figure-ground.md (data/09-colour-numbers.csv),"reused unchanged; the only saturated hue checked darker than violet"
Magenta #FF00FF CIE L* (reused from item 9),60.32,L* units (0-100),../09-colour-salience-figure-ground.md (data/09-colour-numbers.csv),"reused unchanged; secondary-hue comparison"
Cyan #00FFFF CIE L*,91.12,L* units (0-100),synthesis (same formula as item 9),"computed this session; by far the lightest of the secondary hues checked -- will read as pale/washed rather than jewel-like unless darkened or kept small/thin (e.g. string highlights, not large body panels)"
Amber/orange #FFA500 CIE L*,74.93,L* units (0-100),synthesis (same formula),"computed this session"
Neon-sign orange-red #FF4500 CIE L* (reused from item 9),57.57,L* units (0-100),../09-colour-salience-figure-ground.md (data/09-colour-numbers.csv),"reused unchanged; approximates the classic neon-tube orange-red"
Argon gas-discharge colour,lilac/violet,qualitative,papers/wikipedia-argon.html,"pure argon in a gas-discharge tube -- the real-world 'classic neon gas colour' anchor for a violet neon look"
Argon + mercury gas-discharge colour,blue,qualitative,papers/wikipedia-argon.html,"the natural secondary-blue pairing for an argon-violet dominant figure"
Neon gas-discharge colour,orange (popular characteristic glow),qualitative,papers/wikipedia-neon-lighting.html,"the element neon's own glow, source of the name 'neon sign'"
Mercury vapour gas-discharge colour,blue,qualitative,papers/wikipedia-neon-lighting.html,"corroborates the argon+mercury blue row above from a second source"
Hydrogen gas-discharge colour,purple-red,qualitative,papers/wikipedia-neon-lighting.html,"a warm secondary that reads as a rose/magenta-leaning red on a violet-dominant figure"
Helium gas-discharge colour,yellow or pink,qualitative,papers/wikipedia-neon-lighting.html,"pink variant is the more usable pairing with violet; yellow is excluded per the brief's own green/yellow-weak-H-K note"
Phosphor-coated neon tube colour count (since 1950s),~100,count (approx),papers/wikipedia-neon-lighting.html,"television-phosphor-derived coatings on argon/mercury-vapour tubes; the mechanism behind magenta/cyan and other non-primary neon-sign colours (these are NOT raw single-gas glows)"
Neon tube outer diameter,9-25,mm,papers/wikipedia-neon-lighting.html,"background fact, not directly used in the recipe"
Neon tube fill pressure,3-20 (0.4-3),Torr (kPa),papers/wikipedia-neon-lighting.html,"background fact, not directly used in the recipe"
Inverse-square law in photographic stops,2 stops per distance doubling (75% power loss),stops / percent,papers/petapixel-black-backgrounds-macro.html,"standard restatement of E proportional to 1/d^2; basis for the black-background practice of letting a background go dark simply by being far from a near flash/subject"
Illuminance - family living room lighting,50,lux,papers/wikipedia-lux.html,"Wikipedia 'Lux' article, sourced to an Australian 1998 energy-rating reference"
Illuminance - office lighting,320-500,lux,papers/wikipedia-lux.html,"Wikipedia 'Lux' article"
Illuminance - overcast daylight / typical TV studio,1000,lux,papers/wikipedia-lux.html,"Wikipedia 'Lux' article; used as the upper bracket for plausible window-side ambient light on the hand"
Assumed distance: figure to fingertips,0.065,m (6.5 cm),(project brief: 'a 15 cm figure 5-8 cm below the fingertips'),"midpoint of the brief's stated 5-8 cm range, used only for the illustrative inverse-square comparison below"
Assumed distance: window to hand,1.5,m,(illustrative assumption, NOT measured -- item 05's archive has no photometer reading or measured window distance for this plate),"a plausible indoor across-the-room distance; flagged clearly as an assumption for illustration only, not a project measurement"
Geometric illuminance advantage of proximity (figure vs window),~530,ratio (unitless),synthesis ((1.5m / 0.065m)^2),"purely geometric: if the figure and window had EQUAL luminous intensity toward the hand, the closer figure would deliver ~530x more illuminance simply from being ~23x closer -- this is why a small emissive object can plausibly show interactive light on skin a few cm away even though its total light output is tiny next to a window"
Geometric illuminance advantage in stops,~9.1,stops (log2 of the ratio above),synthesis (log2(530)),"same comparison expressed in photographic stops, for grading intuition"
Illustrative target: interactive light level at the fingertips,50,lux (chosen to match the 'family living room' bracket above, i.e. clearly visible but not overpowering),(illustrative choice, not measured),"used only to derive the illustrative luminous-intensity target in the next row"
Illustrative required luminous intensity of the figure toward the hand,~0.21,candela (cd),synthesis (I = E x d^2 = 50 lux x (0.065 m)^2),"back-of-envelope target ONLY, to show the calculation shape; the actual rendered figure's true luminous intensity/luminance is a render/grade choice, not a measured physical quantity -- NOT FOUND as a citable manufacturer or measured number for 'this figure's brightness in real units'"
Day-for-night classic underexposure,2,f-stops,papers/wikipedia-day-for-night.html,"cited by Wikipedia to Van Hurkman 2013 p.31; the standard starting point before grading"
Day-for-night white balance shift,3200K (tungsten) vs 5000K (daylight),Kelvin,papers/wikipedia-day-for-night.html,"tungsten-balanced stock/white-balance renders practical lights white and ambient/unlit areas blue ('moonlight blue')"
Day-for-night modern digital exception (Mad Max: Fury Road),overexposed on set, then pulled down + blue graded,qualitative,papers/wikipedia-day-for-night.html,"exploits digital sensor dynamic range to avoid the shadow clipping that classic underexposure risks; not the recommended approach for a single 9-second phone clip with no in-camera control left to change"
Alpha unpremultiply / decontamination relation,F = (C - (1-a)*B) / a,formula,papers/smithblinn1996-blue-screen-matting.pdf,"Smith & Blinn 1996; F = true foreground colour, C = composited/contaminated colour, a = alpha, B = known backing colour -- already archived under item 5, reused here unchanged for the hand-on-black decontamination step"
Relighting survey categories,3 (illumination estimation / reflectance-aware relighting / image-to-image relighting),count,papers/einabadi2021-illumination-relighting-survey-abstract.json,"Einabadi, Guillemaut & Hilton 2021 survey, cited once per the brief's instruction"
Face relighting training data (Nestmeyer 2020),21 subjects x 32 light-stage sources,count,papers/nestmeyer2020-face-relighting-arxiv.txt,"the real cost of a proper single-image relighting system for a human subject; cited to justify NOT building this for a 9-second hand shot"
