tissue,parameter,value,unit,condition,source,note
skeletal muscle,specific heat,3.6,kJ/kg/K,generic,"Temperature toolbox review 2022 PMC10274559 (already in ../../pullup-thermal/README.md); range 3.6-3.9 kJ/kg/K across tissue tables",cross-referenced from pullup-thermal README
skeletal muscle,density,1.06,g/cm3 (=1060 kg/m3),generic,Holzbaur 2007 (used for MRI volume-to-mass conversion; already in ../../pullup-thermal/README.md),
skeletal muscle,thermal conductivity (effective, forearm),0.56-1.91,W/m/K,in vivo forearm at 15-36C water immersion (rises with blood flow),Ducharme & Tikuisis 1991 PMID 1885465,"effective (perfused) conductivity rises with Q (blood flow); muscle accounted for 92+-1% of total forearm insulation"
skin+subcutaneous fat,thermal conductivity (effective, forearm),0.28-0.73,W/m/K,in vivo forearm at 15-36C water immersion,Ducharme & Tikuisis 1991 PMID 1885465,"keff skin+fat linearly related to blood flow Q for water temp >=30C (r=0.80, p<0.001)"
skin,thermal conductivity,0.187-0.5,W/m/K,generic/compiled (not primary),"compiled from multiple secondary/engineering sources (bioheat-model papers), IT'IS Foundation database not machine-readable this session",ESTIMATE - IT'IS itis.swiss tissue-properties database pages are JS-rendered SPA; static fetch returned no table data. Use Ducharme 1991 in-vivo values above as the primary-sourced anchor instead.
subcutaneous fat,thermal conductivity,0.19-0.23,W/m/K,generic/compiled (not primary),compiled from secondary bioheat-model literature,ESTIMATE - same IT'IS access caveat as above
skeletal muscle,thermal conductivity (static/in-vitro tables),0.42-0.53,W/m/K,generic/compiled (not primary),compiled from secondary bioheat-model literature; consistent order-of-magnitude with Ducharme 1991's low-flow (15C) end (0.56),ESTIMATE
skin,specific heat,3.5-4.3,kJ/kg/K (or ~4.3 J/cm3/K volumetric),generic/compiled (not primary),compiled from secondary bioheat-model literature,ESTIMATE - not independently verified against a primary source this session
subcutaneous fat,specific heat,2.3-2.5,kJ/kg/K,generic/compiled (not primary),compiled from secondary bioheat-model literature (fat's low water content lowers specific heat vs muscle/skin),ESTIMATE
blood,specific heat,3.77,kJ/kg/K,generic,widely-cited engineering bioheat constant (secondary),ESTIMATE - not traced to a physiology primary source this session
blood,density,1060,kg/m3,generic,widely-cited engineering bioheat constant (secondary),ESTIMATE
core body temperature,rest,37.0 (36.8 esophageal),degrees C,rest,Kenny et al 2003 PMID 12598487 (already in pullup-thermal README; oesophageal 36.80),
vastus medialis muscle temperature,rest,"36.14 / 35.86 / 35.01 at 10/25/40 mm depth",degrees C,rest,Kenny et al 2003 PMID 12598487 (in pullup-thermal README),deeper muscle is cooler than shallow at rest in this dataset (proximity to skin/room air at 10mm vs core-facing 40mm - depth-dependent gradient, not monotonic core-to-surface in the expected direction; read the original before assuming which end is "deep")
skin/subcutaneous/muscle/core gradient,comfort (27C ambient),tabulated at 29 sites (esophagus/rectum/ear canal; back+thigh muscle at 20/40mm; 6 subcutaneous; 16 skin sites),degrees C,rest nude,Webb 1992 PMID 1612090,"classic core-shell dataset; gradient magnitude differed substantially between comfort/heat-onset-of-sweating/cold-onset-of-shivering; exact mean numbers are in the paywalled full text, not recoverable from the abstract - ESTIMATE do not have the table"
core-to-skin gradient,rest cool ambient,~8-9 (from Tsk 28.7+-1.1C at 18C-ish ambient vs Tcore ~37C),degrees C,rest,secondary/compiled from a heat-acclimation exercise study reporting cool-ambient skin temps (not the primary source of the gradient concept),ESTIMATE - approximate, derived by subtraction, not a directly reported gradient number
core-to-skin gradient,exercise in heat (mid-bout),1.3-2.6,degrees C,exercise (cycling, 18/26/42C ambient),secondary/compiled from a heat-environment cycling study (title only surfaced via web search this session; PMID not confirmed - re-verify before quoting in a script),ESTIMATE - PMID not confirmed this session
core-to-skin gradient,exercise in heat (end of bout),2.1-3.5,degrees C,exercise (cycling, 18/26/42C ambient),"same as above, PMID not confirmed",ESTIMATE - PMID not confirmed this session
subcutaneous fat thickness,upper arm (triceps region),3.00,mm (mean),lean-to-overweight adults (BMI 20-28.4),"Wilson et al ultrasound 8-site validation study, PMC6214952 (Standardized ultrasound measurement of subcutaneous fat patterning)",PMID/citation not fully resolved this session - re-verify before quoting exact author names in a script; numbers are what the paper's own table 5 reports
subcutaneous fat thickness,forearm (brachioradialis region),1.15,mm (mean),same as above,PMC6214952,same caveat as above
subcutaneous fat thickness,anterior trunk (chest/abdomen composite),4.69,mm (mean, includes fibrous structures),same as above,PMC6214952,"this is an anterior-trunk composite (chest+abdomen sites averaged), not a chest-only number; treat as an upper bound for chest skin+fat"
skin thickness,generic (epidermis+dermis, non-fat),1.5-2.0,mm,generic (what ultrasound software attributes to skin vs fat layer),secondary/compiled (not primary, see search summary),ESTIMATE
