quantity,joint_or_muscle,value,unit,condition,source,pmid_or_doi,table_or_figure,note
fatigue rate F,elbow,0.00912,1/s,sustained isometric MVC-normalized task (3CC model fit),Frey-Law Looft & Heitsman 2012,PMID 22579269,Table 1,CONFIRMED - matches the code's FATIGUE["elbow"][0] exactly
recovery rate R,elbow,0.00094,1/s,during contraction (original 3CC),Frey-Law Looft & Heitsman 2012,PMID 22579269,Table 1,CONFIRMED - matches the code's FATIGUE["elbow"][1] exactly
fatigue rate F,shoulder,0.01820,1/s,sustained isometric MVC-normalized task,Frey-Law Looft & Heitsman 2012,PMID 22579269,Table 1,CORRECTED - code had 0.00589 which is Table 1's ANKLE row not shoulder's
recovery rate R,shoulder,0.00168,1/s,during contraction,Frey-Law Looft & Heitsman 2012,PMID 22579269,Table 1,CORRECTED - code had 0.00058 which is Table 1's ANKLE row not shoulder's
fatigue rate F,hand/grip,0.00980,1/s,sustained isometric MVC-normalized task,Frey-Law Looft & Heitsman 2012,PMID 22579269,Table 1,CONFIRMED - matches the code's FATIGUE["grip"][0] exactly
recovery rate R,hand/grip,0.00064,1/s,during contraction,Frey-Law Looft & Heitsman 2012,PMID 22579269,Table 1,CORRECTED - code had 0.00091 which is Table 1's GENERAL row not grip's
fatigue rate F,trunk,0.00755,1/s,sustained isometric MVC-normalized task,Frey-Law Looft & Heitsman 2012,PMID 22579269,Table 1,CORRECTED - code had 0.00589 (ankle placeholder); no trunk-specific value was used before
recovery rate R,trunk,0.00075,1/s,during contraction,Frey-Law Looft & Heitsman 2012,PMID 22579269,Table 1,CORRECTED - code had 0.00058 (ankle placeholder)
fatigue rate F,ankle,0.00589,1/s,sustained isometric MVC-normalized task,Frey-Law Looft & Heitsman 2012,PMID 22579269,Table 1,reference row - this is the value the code mistakenly assigned to shoulder and trunk
recovery rate R,ankle,0.00058,1/s,during contraction,Frey-Law Looft & Heitsman 2012,PMID 22579269,Table 1,reference row - this is the value the code mistakenly assigned to shoulder and trunk
fatigue rate F,knee,0.01500,1/s,sustained isometric MVC-normalized task,Frey-Law Looft & Heitsman 2012,PMID 22579269,Table 1,candidate for the model's "leg" joint if leg fatigue should track the knee rather than the ankle
recovery rate R,knee,0.00149,1/s,during contraction,Frey-Law Looft & Heitsman 2012,PMID 22579269,Table 1,candidate for the model's "leg" joint if leg fatigue should track the knee rather than the ankle
fatigue rate F,general (pooled),0.00970,1/s,sustained isometric MVC-normalized task,Frey-Law Looft & Heitsman 2012,PMID 22579269,Table 1,pooled-joint value; use only where no joint-specific row applies
recovery rate R,general (pooled),0.00091,1/s,during contraction,Frey-Law Looft & Heitsman 2012,PMID 22579269,Table 1,this is the number the code used in error for grip's R
controller gain L_D = L_R,all joints,10.0,1/s,recruitment/de-recruitment gain of the bounded proportional controller,Xia & Frey-Law 2008; reused by Frey-Law et al. 2012 and Looft et al. 2018,PMID 18789445 / 22579269 / 29960732,Methods,CONFIRMED - matches the code's L_D = L_R = 10.0 exactly
rest recovery multiplier r (chosen),general/all regions except grip,15,dimensionless,applied to R only during rest intervals (TL=0) in the 3CC-r model,"Looft, Herkert & Frey-Law 2018",PMID 29960732,Table 2 & 4,THE KEY NUMBER for R during rest vs work: recovery is ~15x faster once the joint stops producing force
rest recovery multiplier r (fitted range),elbow,8-10,dimensionless,candidate optimum before rounding to the shared 15 (AIC not different between r=8 and r=15),"Looft, Herkert & Frey-Law 2018",PMID 29960732,Table 2,elbow's own best fit is lower than the shared value; 15 is a conservative (slightly slow) choice for the elbow specifically
rest recovery multiplier r (fitted range),ankle,15 [12-19],dimensionless,candidate optimum,"Looft, Herkert & Frey-Law 2018",PMID 29960732,Table 2,
rest recovery multiplier r (fitted range),knee,12-13 [7-21],dimensionless,candidate optimum,"Looft, Herkert & Frey-Law 2018",PMID 29960732,Table 2,
rest recovery multiplier r (fitted, distinct),hand/grip,30,dimensionless,grip fits its own multiplier, not folded into the shared 15,"Looft, Herkert & Frey-Law 2018",PMID 29960732,Table 2 & 4,grip recovers ~2x faster during rest than the other joints - matches grip's known rapid reactive hyperaemia
effective recovery rate during rest (R*r),elbow,0.0141,1/s,rest interval (TL=0),"Looft, Herkert & Frey-Law 2018",PMID 29960732,Table 4,= R(0.00094) x r(15)
effective recovery rate during rest (R*r),hand/grip,0.0192,1/s,rest interval (TL=0),"Looft, Herkert & Frey-Law 2018",PMID 29960732,Table 4,= R(0.00064) x r(30)
effective recovery rate during rest (R*r),ankle,0.0087,1/s,rest interval (TL=0),"Looft, Herkert & Frey-Law 2018",PMID 29960732,Table 4,= R(0.00058) x r(15)
effective recovery rate during rest (R*r),knee,0.02235,1/s,rest interval (TL=0),"Looft, Herkert & Frey-Law 2018",PMID 29960732,Table 4,= R(0.00149) x r(15)
effective recovery rate during rest (R*r),general,0.01365,1/s,rest interval (TL=0),"Looft, Herkert & Frey-Law 2018",PMID 29960732,Table 4,= R(0.00091) x r(15)
model error without rest multiplier,intermittent tasks (63-study meta-analysis),19-29,% torque decline (over-prediction),original 3CC (r=1) applied to intermittent contractions,"Looft, Herkert & Frey-Law 2018",PMID 29960732,abstract,shows why a model without a rest term over-fatigues a set with any pauses
model error with rest multiplier,intermittent tasks,6-10,% torque decline (residual error after correction),3CC-r with fitted r,"Looft, Herkert & Frey-Law 2018",PMID 29960732,abstract,
PCr immediate post-exercise level,quadriceps,15-16,% of resting content,immediately after exhaustive dynamic or isometric-to-fatigue exercise,Harris Edwards Hultman Nordesjö Nylind & Sahlin 1976,PMID 1034909,text,note: user's brief cited "Sahlin Harris Hultman 1979" - the real paper is Harris et al. 1976 (Sahlin is a co-author, not first)
PCr resynthesis half-time (fast component),quadriceps,21-22,s,recovery from isometric-to-fatigue or dynamic exhaustive exercise,Harris et al. 1976,PMID 1034909,text,the fast component dominates the first ~1 min and is the number most relevant to a ~5 s post-set rest
PCr resynthesis half-time (slow component),quadriceps,>170,s,same recovery,Harris et al. 1976,PMID 1034909,text,this slow tail is why full PCr resynthesis needs minutes not seconds
PCr resynthesis - abolished under occlusion,quadriceps,0,% (no resynthesis),circulation occluded during recovery,Harris et al. 1976,PMID 1034909,text,resynthesis resumed only after cuff release - direct evidence that PCr recovery is blood-flow-gated, same mechanism as the grip/lats during the set
PCr resynthesis half-time (single power-function fit),vastus lateralis,56.6 (SD 7.3),s,recovery after 30 s maximal sprint cycling,Bogdanis Nevill Boobis Lakomy & Nevill 1995,PMID 7714837,text,slower than Harris 1976's fast component because PCr was driven lower (19.7% of rest) and glycolytic acidosis was present
PCr resynthesis at 1.5 min,vastus lateralis,65.0 (SD 2.8),% of resting,recovery after 30 s maximal sprint,Bogdanis et al. 1995,PMID 7714837,text,
PCr resynthesis at 6 min,vastus lateralis,85.5 (SD 3.5),% of resting,recovery after 30 s maximal sprint,Bogdanis et al. 1995,PMID 7714837,text,even 6 min leaves ~15% PCr deficit
correlation PCr resynthesis vs power recovery,vastus lateralis,r = 0.71-0.86,correlation coefficient,1.5 and 3 min recovery time points,Bogdanis et al. 1995,PMID 7714837,text,justifies driving the visible "power"/heat recovery directly off a PCr-like exponential rather than off pH
PCr resynthesis at 3.8 min,vastus lateralis,78.7 (SD 3.3),% of resting,recovery after 30 s sprint,Bogdanis Nevill Boobis & Lakomy 1996,PMID 8964751,text,
anaerobic ATP turnover - sprint 1,vastus lateralis,235 (SD 9),mmol/kg dry muscle,first 30 s maximal sprint,Bogdanis et al. 1996,PMID 8964751,text,
anaerobic ATP turnover - sprint 2 after 4 min rest,vastus lateralis,139 (SD 7),mmol/kg dry muscle,second 30 s sprint after 4 min recovery,Bogdanis et al. 1996,PMID 8964751,text,~41% reduction despite 4 min of rest - anaerobic capacity itself is still depressed well past the PCr fast component's half-time
total work reduction bout 2 vs bout 1,cycle ergometer sprint,~18,%,despite ~41% anaerobic energy reduction,Bogdanis et al. 1996,PMID 8964751,text,aerobic metabolism compensates ~49% of bout 2's energy - a second bout is not just "bout 1 at lower amplitude"
force recovery half-time,quadriceps (knee extension),<15,s,recovery from fatiguing contraction at 66% MVC,Sahlin & Ren 1989,PMID 2793665,text,force itself recovers almost as fast as PCr's fast component - the fast, largely-recoverable part of the carried-over state
force full recovery time,quadriceps,~2,min,recovery from 66% MVC fatiguing contraction,Sahlin & Ren 1989,PMID 2793665,text,MVC force was not significantly different from pre-contraction after 2 min
endurance (time-to-fatigue) recovery half-time,quadriceps,~1.2,min,recovery from 66% MVC fatiguing contraction,Sahlin & Ren 1989,PMID 2793665,text,endurance recovers much slower than peak force and remains depressed at 4 min - the part of "fatigue" that force alone under-represents
blood-flow occlusion threshold,"elbow flexors, knee extensors, plantar flexors",50-64,% MVC,sustained isometric contraction; %MVC at which intramuscular tissue pressure stops measured muscle blood flow,Sadamoto Bonde-Petersen & Suzuki 1983,PMID 6685038,text,mechanism (2) for why the grip and lats cannot clear metabolites mid-set: contraction above this threshold occludes the muscle's own blood supply
blood flow adequate threshold,forearm/knee (hand-grip and knee-extensor protocols),<10,% MVC,continuous sustained isometric contraction,"Sjøgaard, Savard & Juel 1988",PMID 3371342,text,below this, blood flow is sufficient even though fatigue can still develop from local K+ disturbance
blood flow through muscle during sustained contraction,forearm,qualitative only - flow falls as sustained tension rises,-,sustained voluntary contraction,Barcroft & Millen 1939,PMID 16995147,-,foundational paper establishing the occlusion phenomenon; pre-abstract era record, no numeric threshold recoverable from PubMed metadata; Sadamoto 1983 supplies the modern number
motoneurone firing-rate recovery,quadriceps,near-full recovery at 3 min WITH blood flow restored; none if kept ischaemic,-,after sustained MVC,Bigland-Ritchie Dawson Johansson & Lippold 1986,PMID 3560001,text,demonstrates recovery is gated by reperfusion, not just elapsed time - same mechanism as the occlusion rows above
central fatigue recovery time,upper or lower limb (brief high-intensity exercise),~2,min,after brief high-intensity exercise,"Carroll, Taylor & Gandevia 2017",PMID 27932676,review text,the neural (central) component of the fast recovery window
peripheral fatigue (E-C coupling + reperfusion) recovery time,-,3-5,min,after brief high-intensity exercise,"Carroll, Taylor & Gandevia 2017",PMID 27932676,review text,this component is NOT finished in 5 s - it sets a floor on how much a 5 s release can cool
complete muscle function recovery (Ca2+ release/sensitivity impairment),-,"some hours",hours,after brief high-intensity exercise,"Carroll, Taylor & Gandevia 2017",PMID 27932676,review text,the slow component that should stay lit at the very end of the clip
low-frequency fatigue recovery time course,-,"hours to days",-,characterised by reduced Ca2+ release (impaired excitation-contraction coupling),Jones 1996,PMID 8729686,review text,the named mechanism for the part of fatigue that a 5 s rest cannot touch
high-frequency fatigue recovery time course,-,"rapid, seconds",-,K+ accumulation in t-tubules/interfibre spaces; reverses when stimulation frequency drops or muscle is re-extended,Jones 1996 / Edwards RH 1981,PMID 8729686 / PMID 6117420,review text,note: user's brief cited "Edwards 1977" - the actual Ciba Foundation Symposium paper is Edwards RH 1981 (Ciba Found Symp 82:1-18)
voluntary max force ceiling,handgrip,97,% of true theoretical max,3-min sustained maximal voluntary handgrip contraction fit to the 2-parameter (F,R) model,"Liu, Brown & Yue 2002",PMID 11964225,text,model-inferred result, not a directly measured quantity; supports using F/R-style compartment models for a bar-grip task specifically
