quantity,muscle_or_joint,condition,value,unit,population,n,source,pmid_or_doi,measured_or_estimated,note
moment_arm_peak,brachioradialis,"elbow flexion, forearm fixed at 0 deg (neutral) pronation/supination, averaged 20-120 deg elbow flexion",7.7 (SD 0.7),cm,cadaver upper-limb specimens,10,Murray Buchanan & Delp 2000 (J Biomech 33:943),PMID 10828324,measured,"largest peak moment arm of the three flexors despite smallest PCSA; abstract's own text figure"
moment_arm_peak,biceps brachii (combined heads),"elbow flexion, forearm fixed at 0 deg (neutral), averaged 20-120 deg elbow flexion",4.7 (SD 0.4),cm,cadaver upper-limb specimens,10,Murray Buchanan & Delp 2000 (J Biomech 33:943),PMID 10828324,measured,"long head value quoted directly in the abstract (4.7 cm vs triceps long head 2.3 cm); NOT split by pronation/supination in this paper -- forearm was held neutral throughout"
moment_arm_peak,brachialis,"elbow flexion, forearm fixed at 0 deg (neutral), averaged 20-120 deg elbow flexion",2.6 (SD 0.3),cm,cadaver upper-limb specimens,9,Murray Buchanan & Delp 2000 (J Biomech 33:943),PMID 10828324,measured,"from Table 2; smallest peak moment arm of the three flexors"
moment_arm_peak,triceps brachii (combined heads),"elbow extension, forearm fixed at 0 deg (neutral), averaged 30-120 deg elbow flexion",2.3 (SD 0.3),cm,cadaver upper-limb specimens,10,Murray Buchanan & Delp 2000 (J Biomech 33:943),PMID 10828324,measured,"for context only, not a flexor; quoted alongside biceps long head in the abstract"
PCSA,brachioradialis,elbow flexors general,1.2,cm^2,cadaver upper-limb specimens,10,Murray Buchanan & Delp 2000 (J Biomech 33:943),PMID 10828324,measured,"smallest PCSA of all elbow muscles measured despite largest moment arm -- the paper's central point"
PCSA,triceps brachii (combined heads),elbow extensors general,14.9,cm^2,cadaver upper-limb specimens,10,Murray Buchanan & Delp 2000 (J Biomech 33:943),PMID 10828324,measured,"largest PCSA of all elbow muscles measured"
moment_arm_ratio,biceps brachii,"elbow flexion moment arm, forearm supinated vs pronated, at a fixed elbow angle (paper's own comparison, angle not recoverable)",NOT FOUND (numeric ratio),ratio,cadaver anatomic specimens + 3D computer model,2 specimens (anatomic) + model,Murray Delp & Buchanan 1995 (J Biomech 28:513),PMID 7775488,measured (source unreadable this session),"Abstract states directly: ''the biceps flexion moment arm peaks in a more extended elbow position and has a larger peak when the forearm is supinated. Also, the peak biceps supination moment arm decreases as the elbow is extended.'' This is the classic result the model needs, but the exact cm values / pronated-to-supinated ratio could NOT be extracted this session: the only available full text (papers/murray1995-elbow-moment-arms-scanned.pdf, fetched from the Delp lab's own site) is an Elsevier TIFF-to-PDF scan with no text layer, and no OCR tool (tesseract etc.) is installed on this machine. No secondary source quoting the exact ratio was found either (checked Ettema et al. 1998, Holzbaur et al. 2005, and general web search) -- flag as a genuine gap, not fabricated."
isometric_MVC_force,elbow flexors (load-cell force, biceps EMG-verified prime mover),pronated forearm,113.6 (SD 21.3),N,healthy young men,11,Kohn Smart & Jakobi 2018 (Physiol Rep 6:e13560),PMID 29333724,measured,"age 23+/-3 yr; isometric MVC with supramaximal biceps stimulation"
isometric_MVC_force,elbow flexors (load-cell force),supinated forearm,213.6 (SD 49.6),N,healthy young men,11,Kohn Smart & Jakobi 2018 (Physiol Rep 6:e13560),PMID 29333724,measured,"same protocol as pronated row"
isometric_MVC_force,elbow flexors (load-cell force),neutral forearm,243.6 (SD 48.0),N,healthy young men,11,Kohn Smart & Jakobi 2018 (Physiol Rep 6:e13560),PMID 29333724,measured,"neutral was the single strongest orientation, slightly above supinated"
voluntary_activation,elbow flexors,pronated forearm,70.9 (SD 20.4),%,healthy young men,11,Kohn Smart & Jakobi 2018 (Physiol Rep 6:e13560),PMID 29333724,measured,"reduced central drive is part of why pronated flexion is weaker, not purely mechanical"
voluntary_activation,elbow flexors,supinated forearm,93.0 (SD 5.2),%,healthy young men,11,Kohn Smart & Jakobi 2018 (Physiol Rep 6:e13560),PMID 29333724,measured,""
voluntary_activation,elbow flexors,neutral forearm,96.1 (SD 3.2),%,healthy young men,11,Kohn Smart & Jakobi 2018 (Physiol Rep 6:e13560),PMID 29333724,measured,""
strength_reduction_pronated_vs_supinated,elbow flexors,"rested state, electrically-evoked peak twitch tension (mechanical, not voluntary)",42,% less than supinated,healthy young men,11,Kohn Smart & Jakobi 2018 (Physiol Rep 6:e13560),PMID 29333724,measured,"THE classic pronated<supinated flexion-strength result quantified as electrically-evoked tension (isolates the mechanical/moment-arm+fiber-length contribution from the voluntary-activation deficit above)"
strength_reduction_pronated_vs_supinated,elbow flexors,"potentiated state (post-activation potentiation), peak twitch tension",50,% less than supinated,healthy young men,11,Kohn Smart & Jakobi 2018 (Physiol Rep 6:e13560),PMID 29333724,measured,""
strength_reduction_pronated_vs_supinated,elbow flexors,"potentiated state, peak twitch tension",53,% less than neutral,healthy young men,11,Kohn Smart & Jakobi 2018 (Physiol Rep 6:e13560),PMID 29333724,measured,""
isometric_MVC_moment,elbow flexion,"90 deg elbow flexion, forearm supinated, shoulder neutral, wrist braced",79.5 (SD 8.1),Nm,healthy young men (non-athlete general population),5,Holzbaur Delp Gold & Murray 2007 (J Biomech 40:2442),PMID 17250841,measured,"dominant arm (all right-handed); population is 'healthy young adults' not specifically resistance-trained -- flag when using as a trained-population norm"
isometric_MVC_moment,elbow flexion,"90 deg elbow flexion, forearm supinated, shoulder neutral, wrist braced",31.9 (SD 5.5),Nm,healthy young women,5,Holzbaur Delp Gold & Murray 2007 (J Biomech 40:2442),PMID 17250841,measured,""
isometric_MVC_moment,elbow flexion,"90 deg elbow flexion, forearm supinated, shoulder neutral, wrist braced",55.7 (SD 25.9),Nm,healthy young adults (mixed sex),10,Holzbaur Delp Gold & Murray 2007 (J Biomech 40:2442),PMID 17250841,measured,"combined-sex mean; large SD reflects the female/male split, not one homogeneous population"
isometric_MVC_moment,elbow extension,"90 deg elbow flexion (test posture), forearm supinated, shoulder neutral",60.5 (SD 6.2),Nm,healthy young men,5,Holzbaur Delp Gold & Murray 2007 (J Biomech 40:2442),PMID 17250841,measured,""
isometric_MVC_moment,elbow extension,"90 deg elbow flexion (test posture), forearm supinated, shoulder neutral",42.8 (SD 19.2),Nm,healthy young adults (mixed sex),10,Holzbaur Delp Gold & Murray 2007 (J Biomech 40:2442),PMID 17250841,measured,""
isometric_MVC_moment,shoulder adduction,"shoulder positioned at 60 deg abduction (NOT an overhead/high-elevation position -- see note), elbow braced extended, forearm neutral",93.7 (SD 11.3),Nm,healthy young men,5,Holzbaur Delp Gold & Murray 2007 (J Biomech 40:2442),PMID 17250841,measured,"closest available direct-measurement proxy for a pulling/lat-dominant moment; test angle is only 60 deg abduction, not the ~90-150 deg overhead range the pull-up model needs -- treat as an underestimate of overhead adduction/extension capacity, direction not magnitude"
isometric_MVC_moment,shoulder adduction,"shoulder at 60 deg abduction, elbow braced extended, forearm neutral",67.9 (SD 28.4),Nm,healthy young adults (mixed sex),10,Holzbaur Delp Gold & Murray 2007 (J Biomech 40:2442),PMID 17250841,measured,"this is the number quoted in the paper's own abstract as the largest of all six joint moments measured"
isometric_MVC_moment,shoulder abduction,"shoulder at 60 deg abduction, elbow braced extended, forearm neutral",74.4 (SD 10.8),Nm,healthy young men,5,Holzbaur Delp Gold & Murray 2007 (J Biomech 40:2442),PMID 17250841,measured,"reported for completeness/symmetry with adduction; not the pulling direction"
isometric_MVC_moment,shoulder abduction,"shoulder at 60 deg abduction, elbow braced extended, forearm neutral",54.7 (SD 22.3),Nm,healthy young adults (mixed sex),10,Holzbaur Delp Gold & Murray 2007 (J Biomech 40:2442),PMID 17250841,measured,""
isometric_MVC_moment,shoulder extension,not tested in this study,NOT FOUND,Nm,,,Holzbaur Delp Gold & Murray 2007 (J Biomech 40:2442),PMID 17250841,not applicable,"Holzbaur 2007 measured shoulder ABDUCTION/ADDUCTION only (Fig. 1a), not flexion/extension -- there is no shoulder-extension moment value in this paper at all. Flagged as a genuine gap for the pull-up model's sagittal-plane pulling moment."
isometric_MVC_moment,wrist flexion,"wrist neutral, forearm pronated, elbow flexed 90 deg",25.6 (SD 7.0),Nm,healthy young men,5,Holzbaur Delp Gold & Murray 2007 (J Biomech 40:2442),PMID 17250841,measured,"context only, not requested directly but same source/table -- grip-adjacent relevance to the hang/pull-up"
isometric_MVC_moment,wrist extension,"wrist neutral, forearm pronated, elbow flexed 90 deg",14.0 (SD 3.4),Nm,healthy young men,5,Holzbaur Delp Gold & Murray 2007 (J Biomech 40:2442),PMID 17250841,measured,"context only"
isometric_peak_torque_surface,elbow flexion and extension (and knee, not used),"isometric and isokinetic, angle-velocity surface, NORMALIZED to each subject's own peak (no absolute Nm reported in the accessible text)",NOT FOUND (absolute Nm),Nm,healthy adults,54 (30 men),Frey-Law et al. 2012 (J Appl Biomech 28:726),PMID 22813601,measured (absolute values not recoverable this session),"Full NIHMS manuscript text obtained (papers/freylaw2012-3d-strength-surfaces.xml) but this paper's whole contribution is the SHAPE of the normalized 3D torque-angle-velocity surface, not absolute joint strength; no raw Nm values or subject ages appear in the extractable manuscript text (tables/figures may carry them in the original journal PDF, which was not obtainable). Confirmed finding usable qualitatively: normalized surface shape did not differ between men and women; surfaces differed significantly between flexion and extension and between elbow and knee."
moment_arm,"latissimus dorsi, teres major, pectoralis major, posterior deltoid","high glenohumeral elevation (coronal-plane abduction and sagittal-plane flexion), 18 muscle sub-regions, cadaver tendon-excursion method",NOT FOUND (numeric mm values),mm or cm,cadaver whole upper-extremity specimens,8,Ackland Pak Richardson & Pandy 2008 (J Anat 213:383),PMID 18691376,measured (source unreadable this session),"Abstract-only this session. Full text could NOT be obtained: the PMC XML record (PMC2644775) contains an explicit publisher note 'does not allow downloading of the full text in XML form'; Europe PMC's fullTextXML endpoint returned empty; the PMC PDF URL and Wiley's own 'openAccessPdf' (Semantic Scholar, status BRONZE) both returned a Cloudflare 'Just a moment...' interstitial to curl. QUALITATIVE result from the abstract, safe to use as ranking only: most effective ADDUCTORS = teres major, middle/inferior latissimus dorsi (lumbar-vertebrae/iliac-crest fibers), middle/inferior pectoralis major (sternal/lower-costal fibers); largest EXTENSOR moment arms = teres major and posterior deltoid; most effective FLEXORS = superior pectoralis major (clavicular fibers), anterior/posterior supraspinatus, anterior deltoid. No mm/cm numbers recoverable."
moment_arm,"pectoralis major, latissimus dorsi, teres major (depressor/adductor ranking, corroborating source)","horizontal flexion and multi-plane elevation, cadaver tendon-excursion method, same method family as Ackland 2008",NOT FOUND (numeric values),cm,cadaver specimens,unspecified,Kuechle Newman Itoi Morrey & An 1997 (J Shoulder Elbow Surg 6:429),PMID 9356931,measured (source unreadable this session),"Abstract-only, closed access (Elsevier, no PMCID). Independently corroborates Ackland 2008's ranking: 'the muscles with the largest depressor (adductor) moment arms are the pectoralis major, latissimus dorsi, and teres major.' Also: posterior deltoid and infraspinatus have the largest horizontal-extension moment arms at 90 deg elevation. No numeric values recoverable from the abstract."
normative_strength_dataset,"shoulder, elbow, wrist (isokinetic + isometric, 18 protocols/sex)","general normative regression dataset, not overhead-specific",NOT FOUND (absolute Nm in abstract),Nm,healthy non-athletic adults age 15-83,178 (93 M/85 F),Harbo Brincks & Andersen 2012 (Eur J Appl Physiol 112:267),PMID 21537927,measured (values not recoverable this session),"Closest match found this session to the task's suggested 'Hughes/Stoll/Danneskiold-Samsoe normative torque dataset' request -- same genre of study (Biodex-dynamometer normative torque battery across major joints) but by different authors; no Hughes-, Stoll-, or Danneskiold-Samsoe-authored dataset was located on PubMed. Paper reports only regression R^2 values in the abstract (age/height/body-mass explain 25% of strength variance in men); absolute peak-torque numbers are in the full text, which is paywalled (Springer, no PMCID) and was not obtained."
