muscle,phase,value,unit,exercise,n,source,pmid_or_doi,measured_or_estimated,note
latissimus_dorsi,whole_rep,117-130,%MVIC,pull-up (pronated end of range),25 (21M/4F),Youdas et al. 2010,PMID 21068680,measured,Range across pull-up/chin-up/Perfect-Pullup conditions; pull-up (pronated) end of range used as the pronated-grip baseline.
biceps_brachii,whole_rep,78-96,%MVIC,pull-up/chin-up,25 (21M/4F),Youdas et al. 2010,PMID 21068680,measured,"Pull-up (pronated) = low end (78); chin-up (supinated) significantly higher, up to 96."
infraspinatus,whole_rep,71-79,%MVIC,pull-up/chin-up,25 (21M/4F),Youdas et al. 2010,PMID 21068680,measured,Midpoint ~75 used elsewhere in this file.
trapezius_lower,whole_rep,45-56,%MVIC,pull-up/chin-up,25 (21M/4F),Youdas et al. 2010,PMID 21068680,measured,"Pull-up (pronated) = high end (56), significantly MORE active in pull-up than chin-up."
pectoralis_major,whole_rep,44-57,%MVIC,pull-up/chin-up,25 (21M/4F),Youdas et al. 2010,PMID 21068680,measured,"Pull-up (pronated) = low end (44), significantly LESS active in pull-up than chin-up."
erector_spinae,whole_rep,39-41,%MVIC,pull-up/chin-up,25 (21M/4F),Youdas et al. 2010,PMID 21068680,measured,Not phase-differentiated by the source.
external_oblique,whole_rep,31-35,%MVIC,pull-up/chin-up,25 (21M/4F),Youdas et al. 2010,PMID 21068680,measured,Not phase-differentiated by the source.
trapezius_middle,whole_rep,60.1 peak / 48.0 avg,%MVIC,"pull-up, pronated grip",19 men,Dickie et al. 2017,PMID 28011412,measured,EMGpeak/EMGarv for pronated grip; neutral grip significantly lower (37.1 peak/27.4 avg).
brachioradialis,concentric_vs_eccentric_direction,"concentric > eccentric, P<0.01","significance only, no %MVIC in abstract","pull-up, all grips",19 men,Dickie et al. 2017,PMID 28011412,measured,Direction and significance are measured; no numeric %MVIC by phase recoverable from the abstract/no OA full text found.
biceps_brachii,concentric_vs_eccentric_direction,"concentric > eccentric, P<0.01","significance only, no %MVIC in abstract","pull-up, all grips",19 men,Dickie et al. 2017,PMID 28011412,measured,Same significance test as brachioradialis and pectoralis major row.
pectoralis_major,concentric_vs_eccentric_direction,"concentric > eccentric, P<0.01","significance only, no %MVIC in abstract","pull-up, all grips",19 men,Dickie et al. 2017,PMID 28011412,measured,Same significance test as biceps brachii and brachioradialis row.
posterior_deltoid,whole_rep,106.09,"%MVC (mean, SD 69.64)","traditional pull-up, pronated 1.5x biacromial",15,Snarr et al. 2017,PMID 28828073,measured,"Highest whole-rep value of any muscle Snarr measured, higher than LD."
latissimus_dorsi,whole_rep,79.82,"%MVC (mean, SD 21.95)","traditional pull-up, pronated 1.5x biacromial",15,Snarr et al. 2017,PMID 28828073,measured,Corroborates Youdas's ordering (LD high) at a similar pronated grip width to Dennis's.
biceps_brachii,whole_rep,43.93,"%MVC (mean, SD 13.94)","traditional pull-up, pronated 1.5x biacromial",15,Snarr et al. 2017,PMID 28828073,measured,"Lower than Youdas's 78; different normalisation/protocol, same ordinal rank (below LD/PD)."
trapezius_middle,whole_rep,60.52,"%MVC (mean, SD 18.06)","traditional pull-up, pronated 1.5x biacromial",15,Snarr et al. 2017,PMID 28828073,measured,Corroborates Dickie's pronated-grip middle-trapezius value.
trapezius_upper,whole_rep,61.57,"%MVIC (mean, SD 29.67)",SUPINE pull-up (not the vertical pull-up),30,Tucker et al. 2011,PMID 21814139,measured,"Different exercise (supine row/pull-up on a bar close to horizontal); used only as a scapular-stabilizer magnitude proxy for upper trapezius, which no vertical-pull-up study measured separately."
trapezius_middle,whole_rep,62.89,"%MVIC (mean, SD 24.17)",SUPINE pull-up,30,Tucker et al. 2011,PMID 21814139,measured,Corroborating magnitude only; see caveat on trapezius_upper row.
trapezius_lower,whole_rep,60.47,"%MVIC (mean, SD 34.80)",SUPINE pull-up,30,Tucker et al. 2011,PMID 21814139,measured,Corroborating magnitude only; see caveat on trapezius_upper row.
serratus_anterior,whole_rep,25.52,"%MVIC (mean, SD 19.80)",SUPINE pull-up,30,Tucker et al. 2011,PMID 21814139,measured,Lowest of the three exercises Tucker tested; only pull-up-adjacent serratus anterior number found this session or last.
biceps_brachii,concentric_rank_chinup,1,"ordinal rank (1=highest of the 4 compared; chin-up, supinated)",chin-up,not stated in abstract,"Doma, Deakin & Ness 2013",PMID 24245055,measured,"BB, LD and ES each significantly > PM during the concentric phase (P<0.05); BB/LD/ES not ranked against each other in the abstract, so all three are tied at rank 1 relative to PM."
latissimus_dorsi,concentric_rank_chinup,1,"ordinal rank (tied with BB/ES vs PM; chin-up, supinated)",chin-up,not stated in abstract,"Doma, Deakin & Ness 2013",PMID 24245055,measured,See biceps_brachii concentric_rank_chinup note.
erector_spinae,concentric_rank_chinup,1,"ordinal rank (tied with BB/LD vs PM; chin-up, supinated)",chin-up,not stated in abstract,"Doma, Deakin & Ness 2013",PMID 24245055,measured,See biceps_brachii concentric_rank_chinup note.
pectoralis_major,concentric_rank_chinup,2,"ordinal rank (below BB/LD/ES; chin-up, supinated)",chin-up,not stated in abstract,"Doma, Deakin & Ness 2013",PMID 24245055,measured,"Significantly lower than BB, LD and ES in the concentric phase."
biceps_brachii,eccentric_rank_chinup,1,"ordinal rank (tied with LD, above TB; chin-up, supinated)",chin-up,not stated in abstract,"Doma, Deakin & Ness 2013",PMID 24245055,measured,BB and LD each significantly > TB during the eccentric phase (P<0.05).
latissimus_dorsi,eccentric_rank_chinup,1,"ordinal rank (tied with BB, above TB and RA; chin-up, supinated)",chin-up,not stated in abstract,"Doma, Deakin & Ness 2013",PMID 24245055,measured,"LD also significantly > RA (rectus abdominis) during the eccentric phase, the only such comparison reported."
triceps,eccentric_rank_chinup,2,"ordinal rank (below BB/LD; chin-up, supinated)",chin-up,not stated in abstract,"Doma, Deakin & Ness 2013",PMID 24245055,measured,Significantly lower than BB and LD in the eccentric phase.
rectus_abdominis,eccentric_rank_chinup,2,"ordinal rank (below LD; chin-up, supinated)",chin-up,not stated in abstract,"Doma, Deakin & Ness 2013",PMID 24245055,measured,"Significantly lower than LD in the eccentric phase; also lower than in a lat pull-down eccentric (Doma 2013, same paper)."
rectus_abdominis,kip_minus_strict_delta,28.7,"%MVIC-point delta (kip minus strict), SD 4.7","pull-up, pronated",11,Dinunzio et al. 2018,PMID 29768093,measured,"P<0.001. This is the increment attributable to kipping hip/knee motion, not the strict-rep absolute value (which was not reported in the abstract) -- evidence the strict rep itself should stay conservative."
external_oblique,kip_minus_strict_delta,21.8,"%MVIC-point delta (kip minus strict), SD 4.1","pull-up, pronated",11,Dinunzio et al. 2018,PMID 29768093,measured,P<0.001; see rectus_abdominis kip_minus_strict_delta note.
hip_flexors,kip_minus_strict_delta,26.1,"%MVIC-point delta (kip minus strict, iliopsoas), SD 5.5","pull-up, pronated",11,Dinunzio et al. 2018,PMID 29768093,measured,P=0.001; iliopsoas used as the hip-flexor proxy. See rectus_abdominis kip_minus_strict_delta note.
legs,kip_minus_strict_delta,13.5,"%MVIC-point delta (kip minus strict, tensor fasciae latae), SD 2.3","pull-up, pronated",11,Dinunzio et al. 2018,PMID 29768093,measured,P<0.001; TFL used as a thigh/leg proxy. See rectus_abdominis kip_minus_strict_delta note.
biceps_brachii,kip_minus_strict_delta,-26.7,"%MVIC-point delta (kip minus strict), SD 0.6","pull-up, pronated",11,Dinunzio et al. 2018,PMID 29768093,measured,"P=0.006; biceps brachii is LOWER in the kip, confirming lower-limb momentum substitutes for upper-body pulling effort."
latissimus_dorsi,initiation,43.4,%MVIC (estimated),strict pronated pull-up (Dennis's style),-,model estimate (this session),"derived, see note",estimated,"= 124 %MVIC whole-rep baseline [Youdas 2010 pull-up end of range (117-130), PMID 21068680] x phase factor 0.35. Estimated phase factor. Direction (scapular/PM-led start) per Youdas 2010's discussion ('initiated by lower trapezius and pectoralis major') PMID 21068680, and Ronai & Scibek 2014's NSCA technique column (scapular depression/retraction before elbow flexion) -- both descriptive, not EMG-onset-timed."
latissimus_dorsi,mid_concentric,93.0,%MVIC (estimated),strict pronated pull-up (Dennis's style),-,model estimate (this session),"derived, see note",estimated,"= 124 %MVIC whole-rep baseline [Youdas 2010 pull-up end of range (117-130), PMID 21068680] x phase factor 0.75. Estimated phase factor. Direction (BB/LD amplitude building through mid-range) per Di Fonza et al. 2026 review PMID 42647355 paraphrasing Youdas 2010: 'biceps brachii and latissimus dorsi EMG amplitude increasing progressively toward the terminal concentric phase'."
latissimus_dorsi,top_hold,124.0,%MVIC (estimated),strict pronated pull-up (Dennis's style),-,model estimate (this session),"derived, see note",estimated,"= 124 %MVIC whole-rep baseline [Youdas 2010 pull-up end of range (117-130), PMID 21068680] x phase factor 1.0. Estimated phase factor, set near/at the whole-rep measured baseline for the prime movers per Youdas 2010's 'completed with biceps brachii and latissimus dorsi recruitment' and Park & Yoo 2013's (PMID 24064179, isometric lat pull-down, not a dynamic pull-up) finding that the lower-trapezius share rises and the lat share falls as shoulder elevation increases toward the top."
latissimus_dorsi,eccentric,105.4,%MVIC (estimated),strict pronated pull-up (Dennis's style),-,model estimate (this session),"derived, see note",estimated,"= 124 %MVIC whole-rep baseline [Youdas 2010 pull-up end of range (117-130), PMID 21068680] x phase factor 0.85. Estimated phase factor. For brachioradialis, biceps brachii and pectoralis major the drop from concentric is a measured, significant direction (Dickie et al. 2017, P<0.01, PMID 28011412); latissimus dorsi is kept relatively high eccentrically per Doma 2013 (LD>TB, LD>RA eccentrically, PMID 24245055) and Williamson & Price 2021 (SPU eccentric LD EMGpeak greater than KPU/BPU, DOI 10.36905/jses.2021.02.08); triceps is bumped up slightly for its eccentric elbow-control/antagonist role (Doma 2013 measured TB present but below BB/LD, no %MVIC)."
latissimus_dorsi,hang_passive,6.2,%MVIC (estimated),strict pronated pull-up (Dennis's style),-,model estimate (this session),"derived, see note",estimated,"= 124 %MVIC whole-rep baseline [Youdas 2010 pull-up end of range (117-130), PMID 21068680] x phase factor 0.05. Estimated phase factor, deliberately near the 'low' EMG bucket (0-15% MVIC) used by Edwards et al. 2017's systematic review of normal-shoulder EMG for passive/low-load positions (PMID 28704624, general shoulder-rehab literature, not pull-up-specific) -- used only as an order-of-magnitude anchor for what 'passive' should look like on an EMG scale. Forearm flexors are the exception: kept substantially non-zero because a passive hang still requires isometric grip against full bodyweight; climbing dead-hang studies confirm large forearm-flexor RMS at a sustained hang (Ferrer-Uris 2023 PMID 37304875, Dykes 2019 PMID 30721754) though neither reports %MVIC."
latissimus_dorsi,hang_active,37.2,%MVIC (estimated),strict pronated pull-up (Dennis's style),-,model estimate (this session),"derived, see note",estimated,"= 124 %MVIC whole-rep baseline [Youdas 2010 pull-up end of range (117-130), PMID 21068680] x phase factor 0.3. Estimated phase factor. Direction (deliberately engaging lower trapezius, latissimus dorsi and serratus anterior to depress/retract the scapulae in an 'active hang') is a coaching-cue-level claim with NO primary EMG study of an active/passive bar hang located this session (see 01-emg-and-anatomy.md and the DOWNLOADS.md note below) -- flagged explicitly as an unverified secondary claim, not a measured number."
biceps_brachii,initiation,23.4,%MVIC (estimated),strict pronated pull-up (Dennis's style),-,model estimate (this session),"derived, see note",estimated,"= 78 %MVIC whole-rep baseline [Youdas 2010 pull-up end of range, PMID 21068680] x phase factor 0.3. Estimated phase factor. Direction (scapular/PM-led start) per Youdas 2010's discussion ('initiated by lower trapezius and pectoralis major') PMID 21068680, and Ronai & Scibek 2014's NSCA technique column (scapular depression/retraction before elbow flexion) -- both descriptive, not EMG-onset-timed."
biceps_brachii,mid_concentric,54.6,%MVIC (estimated),strict pronated pull-up (Dennis's style),-,model estimate (this session),"derived, see note",estimated,"= 78 %MVIC whole-rep baseline [Youdas 2010 pull-up end of range, PMID 21068680] x phase factor 0.7. Estimated phase factor. Direction (BB/LD amplitude building through mid-range) per Di Fonza et al. 2026 review PMID 42647355 paraphrasing Youdas 2010: 'biceps brachii and latissimus dorsi EMG amplitude increasing progressively toward the terminal concentric phase'."
biceps_brachii,top_hold,78.0,%MVIC (estimated),strict pronated pull-up (Dennis's style),-,model estimate (this session),"derived, see note",estimated,"= 78 %MVIC whole-rep baseline [Youdas 2010 pull-up end of range, PMID 21068680] x phase factor 1.0. Estimated phase factor, set near/at the whole-rep measured baseline for the prime movers per Youdas 2010's 'completed with biceps brachii and latissimus dorsi recruitment' and Park & Yoo 2013's (PMID 24064179, isometric lat pull-down, not a dynamic pull-up) finding that the lower-trapezius share rises and the lat share falls as shoulder elevation increases toward the top."
biceps_brachii,eccentric,42.9,%MVIC (estimated),strict pronated pull-up (Dennis's style),-,model estimate (this session),"derived, see note",estimated,"= 78 %MVIC whole-rep baseline [Youdas 2010 pull-up end of range, PMID 21068680] x phase factor 0.55. Estimated phase factor. For brachioradialis, biceps brachii and pectoralis major the drop from concentric is a measured, significant direction (Dickie et al. 2017, P<0.01, PMID 28011412); latissimus dorsi is kept relatively high eccentrically per Doma 2013 (LD>TB, LD>RA eccentrically, PMID 24245055) and Williamson & Price 2021 (SPU eccentric LD EMGpeak greater than KPU/BPU, DOI 10.36905/jses.2021.02.08); triceps is bumped up slightly for its eccentric elbow-control/antagonist role (Doma 2013 measured TB present but below BB/LD, no %MVIC)."
biceps_brachii,hang_passive,2.3,%MVIC (estimated),strict pronated pull-up (Dennis's style),-,model estimate (this session),"derived, see note",estimated,"= 78 %MVIC whole-rep baseline [Youdas 2010 pull-up end of range, PMID 21068680] x phase factor 0.03. Estimated phase factor, deliberately near the 'low' EMG bucket (0-15% MVIC) used by Edwards et al. 2017's systematic review of normal-shoulder EMG for passive/low-load positions (PMID 28704624, general shoulder-rehab literature, not pull-up-specific) -- used only as an order-of-magnitude anchor for what 'passive' should look like on an EMG scale. Forearm flexors are the exception: kept substantially non-zero because a passive hang still requires isometric grip against full bodyweight; climbing dead-hang studies confirm large forearm-flexor RMS at a sustained hang (Ferrer-Uris 2023 PMID 37304875, Dykes 2019 PMID 30721754) though neither reports %MVIC."
biceps_brachii,hang_active,7.8,%MVIC (estimated),strict pronated pull-up (Dennis's style),-,model estimate (this session),"derived, see note",estimated,"= 78 %MVIC whole-rep baseline [Youdas 2010 pull-up end of range, PMID 21068680] x phase factor 0.1. Estimated phase factor. Direction (deliberately engaging lower trapezius, latissimus dorsi and serratus anterior to depress/retract the scapulae in an 'active hang') is a coaching-cue-level claim with NO primary EMG study of an active/passive bar hang located this session (see 01-emg-and-anatomy.md and the DOWNLOADS.md note below) -- flagged explicitly as an unverified secondary claim, not a measured number."
brachioradialis,initiation,18.6,%MVIC (estimated),strict pronated pull-up (Dennis's style),-,model estimate (this session),"derived, see note",estimated,"= 62 %MVIC whole-rep baseline [existing atlas ESTIMATE, informed by Dickie 2017's measured-but-unquantified concentric>eccentric direction, PMID 28011412] x phase factor 0.3. Estimated phase factor. Direction (scapular/PM-led start) per Youdas 2010's discussion ('initiated by lower trapezius and pectoralis major') PMID 21068680, and Ronai & Scibek 2014's NSCA technique column (scapular depression/retraction before elbow flexion) -- both descriptive, not EMG-onset-timed."
brachioradialis,mid_concentric,43.4,%MVIC (estimated),strict pronated pull-up (Dennis's style),-,model estimate (this session),"derived, see note",estimated,"= 62 %MVIC whole-rep baseline [existing atlas ESTIMATE, informed by Dickie 2017's measured-but-unquantified concentric>eccentric direction, PMID 28011412] x phase factor 0.7. Estimated phase factor. Direction (BB/LD amplitude building through mid-range) per Di Fonza et al. 2026 review PMID 42647355 paraphrasing Youdas 2010: 'biceps brachii and latissimus dorsi EMG amplitude increasing progressively toward the terminal concentric phase'."
brachioradialis,top_hold,62.0,%MVIC (estimated),strict pronated pull-up (Dennis's style),-,model estimate (this session),"derived, see note",estimated,"= 62 %MVIC whole-rep baseline [existing atlas ESTIMATE, informed by Dickie 2017's measured-but-unquantified concentric>eccentric direction, PMID 28011412] x phase factor 1.0. Estimated phase factor, set near/at the whole-rep measured baseline for the prime movers per Youdas 2010's 'completed with biceps brachii and latissimus dorsi recruitment' and Park & Yoo 2013's (PMID 24064179, isometric lat pull-down, not a dynamic pull-up) finding that the lower-trapezius share rises and the lat share falls as shoulder elevation increases toward the top."
brachioradialis,eccentric,34.1,%MVIC (estimated),strict pronated pull-up (Dennis's style),-,model estimate (this session),"derived, see note",estimated,"= 62 %MVIC whole-rep baseline [existing atlas ESTIMATE, informed by Dickie 2017's measured-but-unquantified concentric>eccentric direction, PMID 28011412] x phase factor 0.55. Estimated phase factor. For brachioradialis, biceps brachii and pectoralis major the drop from concentric is a measured, significant direction (Dickie et al. 2017, P<0.01, PMID 28011412); latissimus dorsi is kept relatively high eccentrically per Doma 2013 (LD>TB, LD>RA eccentrically, PMID 24245055) and Williamson & Price 2021 (SPU eccentric LD EMGpeak greater than KPU/BPU, DOI 10.36905/jses.2021.02.08); triceps is bumped up slightly for its eccentric elbow-control/antagonist role (Doma 2013 measured TB present but below BB/LD, no %MVIC)."
brachioradialis,hang_passive,3.1,%MVIC (estimated),strict pronated pull-up (Dennis's style),-,model estimate (this session),"derived, see note",estimated,"= 62 %MVIC whole-rep baseline [existing atlas ESTIMATE, informed by Dickie 2017's measured-but-unquantified concentric>eccentric direction, PMID 28011412] x phase factor 0.05. Estimated phase factor, deliberately near the 'low' EMG bucket (0-15% MVIC) used by Edwards et al. 2017's systematic review of normal-shoulder EMG for passive/low-load positions (PMID 28704624, general shoulder-rehab literature, not pull-up-specific) -- used only as an order-of-magnitude anchor for what 'passive' should look like on an EMG scale. Forearm flexors are the exception: kept substantially non-zero because a passive hang still requires isometric grip against full bodyweight; climbing dead-hang studies confirm large forearm-flexor RMS at a sustained hang (Ferrer-Uris 2023 PMID 37304875, Dykes 2019 PMID 30721754) though neither reports %MVIC."
brachioradialis,hang_active,6.2,%MVIC (estimated),strict pronated pull-up (Dennis's style),-,model estimate (this session),"derived, see note",estimated,"= 62 %MVIC whole-rep baseline [existing atlas ESTIMATE, informed by Dickie 2017's measured-but-unquantified concentric>eccentric direction, PMID 28011412] x phase factor 0.1. Estimated phase factor. Direction (deliberately engaging lower trapezius, latissimus dorsi and serratus anterior to depress/retract the scapulae in an 'active hang') is a coaching-cue-level claim with NO primary EMG study of an active/passive bar hang located this session (see 01-emg-and-anatomy.md and the DOWNLOADS.md note below) -- flagged explicitly as an unverified secondary claim, not a measured number."
forearm_flexors_grip,initiation,33.0,%MVIC (estimated),strict pronated pull-up (Dennis's style),-,model estimate (this session),"derived, see note",estimated,"= 55 %MVIC whole-rep baseline [ESTIMATE; no pull-up-specific %MVIC source found (see 01-emg-and-anatomy.md sec 6); climbing dead-hang studies (Ferrer-Uris 2023 PMID 37304875, Dykes 2019 PMID 30721754) report raw RMS/%RVC, not %MVIC, so not substitutable] x phase factor 0.6. Estimated phase factor. Direction (scapular/PM-led start) per Youdas 2010's discussion ('initiated by lower trapezius and pectoralis major') PMID 21068680, and Ronai & Scibek 2014's NSCA technique column (scapular depression/retraction before elbow flexion) -- both descriptive, not EMG-onset-timed."
forearm_flexors_grip,mid_concentric,41.2,%MVIC (estimated),strict pronated pull-up (Dennis's style),-,model estimate (this session),"derived, see note",estimated,"= 55 %MVIC whole-rep baseline [ESTIMATE; no pull-up-specific %MVIC source found (see 01-emg-and-anatomy.md sec 6); climbing dead-hang studies (Ferrer-Uris 2023 PMID 37304875, Dykes 2019 PMID 30721754) report raw RMS/%RVC, not %MVIC, so not substitutable] x phase factor 0.75. Estimated phase factor. Direction (BB/LD amplitude building through mid-range) per Di Fonza et al. 2026 review PMID 42647355 paraphrasing Youdas 2010: 'biceps brachii and latissimus dorsi EMG amplitude increasing progressively toward the terminal concentric phase'."
forearm_flexors_grip,top_hold,49.5,%MVIC (estimated),strict pronated pull-up (Dennis's style),-,model estimate (this session),"derived, see note",estimated,"= 55 %MVIC whole-rep baseline [ESTIMATE; no pull-up-specific %MVIC source found (see 01-emg-and-anatomy.md sec 6); climbing dead-hang studies (Ferrer-Uris 2023 PMID 37304875, Dykes 2019 PMID 30721754) report raw RMS/%RVC, not %MVIC, so not substitutable] x phase factor 0.9. Estimated phase factor, set near/at the whole-rep measured baseline for the prime movers per Youdas 2010's 'completed with biceps brachii and latissimus dorsi recruitment' and Park & Yoo 2013's (PMID 24064179, isometric lat pull-down, not a dynamic pull-up) finding that the lower-trapezius share rises and the lat share falls as shoulder elevation increases toward the top."
forearm_flexors_grip,eccentric,44.0,%MVIC (estimated),strict pronated pull-up (Dennis's style),-,model estimate (this session),"derived, see note",estimated,"= 55 %MVIC whole-rep baseline [ESTIMATE; no pull-up-specific %MVIC source found (see 01-emg-and-anatomy.md sec 6); climbing dead-hang studies (Ferrer-Uris 2023 PMID 37304875, Dykes 2019 PMID 30721754) report raw RMS/%RVC, not %MVIC, so not substitutable] x phase factor 0.8. Estimated phase factor. For brachioradialis, biceps brachii and pectoralis major the drop from concentric is a measured, significant direction (Dickie et al. 2017, P<0.01, PMID 28011412); latissimus dorsi is kept relatively high eccentrically per Doma 2013 (LD>TB, LD>RA eccentrically, PMID 24245055) and Williamson & Price 2021 (SPU eccentric LD EMGpeak greater than KPU/BPU, DOI 10.36905/jses.2021.02.08); triceps is bumped up slightly for its eccentric elbow-control/antagonist role (Doma 2013 measured TB present but below BB/LD, no %MVIC)."
forearm_flexors_grip,hang_passive,22.0,%MVIC (estimated),strict pronated pull-up (Dennis's style),-,model estimate (this session),"derived, see note",estimated,"= 55 %MVIC whole-rep baseline [ESTIMATE; no pull-up-specific %MVIC source found (see 01-emg-and-anatomy.md sec 6); climbing dead-hang studies (Ferrer-Uris 2023 PMID 37304875, Dykes 2019 PMID 30721754) report raw RMS/%RVC, not %MVIC, so not substitutable] x phase factor 0.4. Estimated phase factor, deliberately near the 'low' EMG bucket (0-15% MVIC) used by Edwards et al. 2017's systematic review of normal-shoulder EMG for passive/low-load positions (PMID 28704624, general shoulder-rehab literature, not pull-up-specific) -- used only as an order-of-magnitude anchor for what 'passive' should look like on an EMG scale. Forearm flexors are the exception: kept substantially non-zero because a passive hang still requires isometric grip against full bodyweight; climbing dead-hang studies confirm large forearm-flexor RMS at a sustained hang (Ferrer-Uris 2023 PMID 37304875, Dykes 2019 PMID 30721754) though neither reports %MVIC."
forearm_flexors_grip,hang_active,22.0,%MVIC (estimated),strict pronated pull-up (Dennis's style),-,model estimate (this session),"derived, see note",estimated,"= 55 %MVIC whole-rep baseline [ESTIMATE; no pull-up-specific %MVIC source found (see 01-emg-and-anatomy.md sec 6); climbing dead-hang studies (Ferrer-Uris 2023 PMID 37304875, Dykes 2019 PMID 30721754) report raw RMS/%RVC, not %MVIC, so not substitutable] x phase factor 0.4. Estimated phase factor. Direction (deliberately engaging lower trapezius, latissimus dorsi and serratus anterior to depress/retract the scapulae in an 'active hang') is a coaching-cue-level claim with NO primary EMG study of an active/passive bar hang located this session (see 01-emg-and-anatomy.md and the DOWNLOADS.md note below) -- flagged explicitly as an unverified secondary claim, not a measured number."
infraspinatus,initiation,33.8,%MVIC (estimated),strict pronated pull-up (Dennis's style),-,model estimate (this session),"derived, see note",estimated,"= 75 %MVIC whole-rep baseline [Youdas 2010 midpoint of 71-79, PMID 21068680] x phase factor 0.45. Estimated phase factor. Direction (scapular/PM-led start) per Youdas 2010's discussion ('initiated by lower trapezius and pectoralis major') PMID 21068680, and Ronai & Scibek 2014's NSCA technique column (scapular depression/retraction before elbow flexion) -- both descriptive, not EMG-onset-timed."
infraspinatus,mid_concentric,60.0,%MVIC (estimated),strict pronated pull-up (Dennis's style),-,model estimate (this session),"derived, see note",estimated,"= 75 %MVIC whole-rep baseline [Youdas 2010 midpoint of 71-79, PMID 21068680] x phase factor 0.8. Estimated phase factor. Direction (BB/LD amplitude building through mid-range) per Di Fonza et al. 2026 review PMID 42647355 paraphrasing Youdas 2010: 'biceps brachii and latissimus dorsi EMG amplitude increasing progressively toward the terminal concentric phase'."
infraspinatus,top_hold,75.0,%MVIC (estimated),strict pronated pull-up (Dennis's style),-,model estimate (this session),"derived, see note",estimated,"= 75 %MVIC whole-rep baseline [Youdas 2010 midpoint of 71-79, PMID 21068680] x phase factor 1.0. Estimated phase factor, set near/at the whole-rep measured baseline for the prime movers per Youdas 2010's 'completed with biceps brachii and latissimus dorsi recruitment' and Park & Yoo 2013's (PMID 24064179, isometric lat pull-down, not a dynamic pull-up) finding that the lower-trapezius share rises and the lat share falls as shoulder elevation increases toward the top."
infraspinatus,eccentric,45.0,%MVIC (estimated),strict pronated pull-up (Dennis's style),-,model estimate (this session),"derived, see note",estimated,"= 75 %MVIC whole-rep baseline [Youdas 2010 midpoint of 71-79, PMID 21068680] x phase factor 0.6. Estimated phase factor. For brachioradialis, biceps brachii and pectoralis major the drop from concentric is a measured, significant direction (Dickie et al. 2017, P<0.01, PMID 28011412); latissimus dorsi is kept relatively high eccentrically per Doma 2013 (LD>TB, LD>RA eccentrically, PMID 24245055) and Williamson & Price 2021 (SPU eccentric LD EMGpeak greater than KPU/BPU, DOI 10.36905/jses.2021.02.08); triceps is bumped up slightly for its eccentric elbow-control/antagonist role (Doma 2013 measured TB present but below BB/LD, no %MVIC)."
infraspinatus,hang_passive,3.8,%MVIC (estimated),strict pronated pull-up (Dennis's style),-,model estimate (this session),"derived, see note",estimated,"= 75 %MVIC whole-rep baseline [Youdas 2010 midpoint of 71-79, PMID 21068680] x phase factor 0.05. Estimated phase factor, deliberately near the 'low' EMG bucket (0-15% MVIC) used by Edwards et al. 2017's systematic review of normal-shoulder EMG for passive/low-load positions (PMID 28704624, general shoulder-rehab literature, not pull-up-specific) -- used only as an order-of-magnitude anchor for what 'passive' should look like on an EMG scale. Forearm flexors are the exception: kept substantially non-zero because a passive hang still requires isometric grip against full bodyweight; climbing dead-hang studies confirm large forearm-flexor RMS at a sustained hang (Ferrer-Uris 2023 PMID 37304875, Dykes 2019 PMID 30721754) though neither reports %MVIC."
infraspinatus,hang_active,11.2,%MVIC (estimated),strict pronated pull-up (Dennis's style),-,model estimate (this session),"derived, see note",estimated,"= 75 %MVIC whole-rep baseline [Youdas 2010 midpoint of 71-79, PMID 21068680] x phase factor 0.15. Estimated phase factor. Direction (deliberately engaging lower trapezius, latissimus dorsi and serratus anterior to depress/retract the scapulae in an 'active hang') is a coaching-cue-level claim with NO primary EMG study of an active/passive bar hang located this session (see 01-emg-and-anatomy.md and the DOWNLOADS.md note below) -- flagged explicitly as an unverified secondary claim, not a measured number."
posterior_deltoid,initiation,42.4,%MVIC (estimated),strict pronated pull-up (Dennis's style),-,model estimate (this session),"derived, see note",estimated,"= 106 %MVIC whole-rep baseline [Snarr 2017 traditional pull-up, PMID 28828073] x phase factor 0.4. Estimated phase factor. Direction (scapular/PM-led start) per Youdas 2010's discussion ('initiated by lower trapezius and pectoralis major') PMID 21068680, and Ronai & Scibek 2014's NSCA technique column (scapular depression/retraction before elbow flexion) -- both descriptive, not EMG-onset-timed."
posterior_deltoid,mid_concentric,84.8,%MVIC (estimated),strict pronated pull-up (Dennis's style),-,model estimate (this session),"derived, see note",estimated,"= 106 %MVIC whole-rep baseline [Snarr 2017 traditional pull-up, PMID 28828073] x phase factor 0.8. Estimated phase factor. Direction (BB/LD amplitude building through mid-range) per Di Fonza et al. 2026 review PMID 42647355 paraphrasing Youdas 2010: 'biceps brachii and latissimus dorsi EMG amplitude increasing progressively toward the terminal concentric phase'."
posterior_deltoid,top_hold,106.0,%MVIC (estimated),strict pronated pull-up (Dennis's style),-,model estimate (this session),"derived, see note",estimated,"= 106 %MVIC whole-rep baseline [Snarr 2017 traditional pull-up, PMID 28828073] x phase factor 1.0. Estimated phase factor, set near/at the whole-rep measured baseline for the prime movers per Youdas 2010's 'completed with biceps brachii and latissimus dorsi recruitment' and Park & Yoo 2013's (PMID 24064179, isometric lat pull-down, not a dynamic pull-up) finding that the lower-trapezius share rises and the lat share falls as shoulder elevation increases toward the top."
posterior_deltoid,eccentric,68.9,%MVIC (estimated),strict pronated pull-up (Dennis's style),-,model estimate (this session),"derived, see note",estimated,"= 106 %MVIC whole-rep baseline [Snarr 2017 traditional pull-up, PMID 28828073] x phase factor 0.65. Estimated phase factor. For brachioradialis, biceps brachii and pectoralis major the drop from concentric is a measured, significant direction (Dickie et al. 2017, P<0.01, PMID 28011412); latissimus dorsi is kept relatively high eccentrically per Doma 2013 (LD>TB, LD>RA eccentrically, PMID 24245055) and Williamson & Price 2021 (SPU eccentric LD EMGpeak greater than KPU/BPU, DOI 10.36905/jses.2021.02.08); triceps is bumped up slightly for its eccentric elbow-control/antagonist role (Doma 2013 measured TB present but below BB/LD, no %MVIC)."
posterior_deltoid,hang_passive,5.3,%MVIC (estimated),strict pronated pull-up (Dennis's style),-,model estimate (this session),"derived, see note",estimated,"= 106 %MVIC whole-rep baseline [Snarr 2017 traditional pull-up, PMID 28828073] x phase factor 0.05. Estimated phase factor, deliberately near the 'low' EMG bucket (0-15% MVIC) used by Edwards et al. 2017's systematic review of normal-shoulder EMG for passive/low-load positions (PMID 28704624, general shoulder-rehab literature, not pull-up-specific) -- used only as an order-of-magnitude anchor for what 'passive' should look like on an EMG scale. Forearm flexors are the exception: kept substantially non-zero because a passive hang still requires isometric grip against full bodyweight; climbing dead-hang studies confirm large forearm-flexor RMS at a sustained hang (Ferrer-Uris 2023 PMID 37304875, Dykes 2019 PMID 30721754) though neither reports %MVIC."
posterior_deltoid,hang_active,15.9,%MVIC (estimated),strict pronated pull-up (Dennis's style),-,model estimate (this session),"derived, see note",estimated,"= 106 %MVIC whole-rep baseline [Snarr 2017 traditional pull-up, PMID 28828073] x phase factor 0.15. Estimated phase factor. Direction (deliberately engaging lower trapezius, latissimus dorsi and serratus anterior to depress/retract the scapulae in an 'active hang') is a coaching-cue-level claim with NO primary EMG study of an active/passive bar hang located this session (see 01-emg-and-anatomy.md and the DOWNLOADS.md note below) -- flagged explicitly as an unverified secondary claim, not a measured number."
trapezius_upper,initiation,33.9,%MVIC (estimated),strict pronated pull-up (Dennis's style),-,model estimate (this session),"derived, see note",estimated,"= 61.57 %MVIC whole-rep baseline [Tucker 2011 SUPINE pull-up (different exercise), PMID 21814139] x phase factor 0.55. Estimated phase factor. Direction (scapular/PM-led start) per Youdas 2010's discussion ('initiated by lower trapezius and pectoralis major') PMID 21068680, and Ronai & Scibek 2014's NSCA technique column (scapular depression/retraction before elbow flexion) -- both descriptive, not EMG-onset-timed."
trapezius_upper,mid_concentric,49.3,%MVIC (estimated),strict pronated pull-up (Dennis's style),-,model estimate (this session),"derived, see note",estimated,"= 61.57 %MVIC whole-rep baseline [Tucker 2011 SUPINE pull-up (different exercise), PMID 21814139] x phase factor 0.8. Estimated phase factor. Direction (BB/LD amplitude building through mid-range) per Di Fonza et al. 2026 review PMID 42647355 paraphrasing Youdas 2010: 'biceps brachii and latissimus dorsi EMG amplitude increasing progressively toward the terminal concentric phase'."
trapezius_upper,top_hold,49.3,%MVIC (estimated),strict pronated pull-up (Dennis's style),-,model estimate (this session),"derived, see note",estimated,"= 61.57 %MVIC whole-rep baseline [Tucker 2011 SUPINE pull-up (different exercise), PMID 21814139] x phase factor 0.8. Estimated phase factor, set near/at the whole-rep measured baseline for the prime movers per Youdas 2010's 'completed with biceps brachii and latissimus dorsi recruitment' and Park & Yoo 2013's (PMID 24064179, isometric lat pull-down, not a dynamic pull-up) finding that the lower-trapezius share rises and the lat share falls as shoulder elevation increases toward the top."
trapezius_upper,eccentric,40.0,%MVIC (estimated),strict pronated pull-up (Dennis's style),-,model estimate (this session),"derived, see note",estimated,"= 61.57 %MVIC whole-rep baseline [Tucker 2011 SUPINE pull-up (different exercise), PMID 21814139] x phase factor 0.65. Estimated phase factor. For brachioradialis, biceps brachii and pectoralis major the drop from concentric is a measured, significant direction (Dickie et al. 2017, P<0.01, PMID 28011412); latissimus dorsi is kept relatively high eccentrically per Doma 2013 (LD>TB, LD>RA eccentrically, PMID 24245055) and Williamson & Price 2021 (SPU eccentric LD EMGpeak greater than KPU/BPU, DOI 10.36905/jses.2021.02.08); triceps is bumped up slightly for its eccentric elbow-control/antagonist role (Doma 2013 measured TB present but below BB/LD, no %MVIC)."
trapezius_upper,hang_passive,3.1,%MVIC (estimated),strict pronated pull-up (Dennis's style),-,model estimate (this session),"derived, see note",estimated,"= 61.57 %MVIC whole-rep baseline [Tucker 2011 SUPINE pull-up (different exercise), PMID 21814139] x phase factor 0.05. Estimated phase factor, deliberately near the 'low' EMG bucket (0-15% MVIC) used by Edwards et al. 2017's systematic review of normal-shoulder EMG for passive/low-load positions (PMID 28704624, general shoulder-rehab literature, not pull-up-specific) -- used only as an order-of-magnitude anchor for what 'passive' should look like on an EMG scale. Forearm flexors are the exception: kept substantially non-zero because a passive hang still requires isometric grip against full bodyweight; climbing dead-hang studies confirm large forearm-flexor RMS at a sustained hang (Ferrer-Uris 2023 PMID 37304875, Dykes 2019 PMID 30721754) though neither reports %MVIC."
trapezius_upper,hang_active,18.5,%MVIC (estimated),strict pronated pull-up (Dennis's style),-,model estimate (this session),"derived, see note",estimated,"= 61.57 %MVIC whole-rep baseline [Tucker 2011 SUPINE pull-up (different exercise), PMID 21814139] x phase factor 0.3. Estimated phase factor. Direction (deliberately engaging lower trapezius, latissimus dorsi and serratus anterior to depress/retract the scapulae in an 'active hang') is a coaching-cue-level claim with NO primary EMG study of an active/passive bar hang located this session (see 01-emg-and-anatomy.md and the DOWNLOADS.md note below) -- flagged explicitly as an unverified secondary claim, not a measured number."
trapezius_middle,initiation,33.1,%MVIC (estimated),strict pronated pull-up (Dennis's style),-,model estimate (this session),"derived, see note",estimated,"= 60.1 %MVIC whole-rep baseline [Dickie 2017 pronated-grip EMGpeak, PMID 28011412] x phase factor 0.55. Estimated phase factor. Direction (scapular/PM-led start) per Youdas 2010's discussion ('initiated by lower trapezius and pectoralis major') PMID 21068680, and Ronai & Scibek 2014's NSCA technique column (scapular depression/retraction before elbow flexion) -- both descriptive, not EMG-onset-timed."
trapezius_middle,mid_concentric,51.1,%MVIC (estimated),strict pronated pull-up (Dennis's style),-,model estimate (this session),"derived, see note",estimated,"= 60.1 %MVIC whole-rep baseline [Dickie 2017 pronated-grip EMGpeak, PMID 28011412] x phase factor 0.85. Estimated phase factor. Direction (BB/LD amplitude building through mid-range) per Di Fonza et al. 2026 review PMID 42647355 paraphrasing Youdas 2010: 'biceps brachii and latissimus dorsi EMG amplitude increasing progressively toward the terminal concentric phase'."
trapezius_middle,top_hold,54.1,%MVIC (estimated),strict pronated pull-up (Dennis's style),-,model estimate (this session),"derived, see note",estimated,"= 60.1 %MVIC whole-rep baseline [Dickie 2017 pronated-grip EMGpeak, PMID 28011412] x phase factor 0.9. Estimated phase factor, set near/at the whole-rep measured baseline for the prime movers per Youdas 2010's 'completed with biceps brachii and latissimus dorsi recruitment' and Park & Yoo 2013's (PMID 24064179, isometric lat pull-down, not a dynamic pull-up) finding that the lower-trapezius share rises and the lat share falls as shoulder elevation increases toward the top."
trapezius_middle,eccentric,42.1,%MVIC (estimated),strict pronated pull-up (Dennis's style),-,model estimate (this session),"derived, see note",estimated,"= 60.1 %MVIC whole-rep baseline [Dickie 2017 pronated-grip EMGpeak, PMID 28011412] x phase factor 0.7. Estimated phase factor. For brachioradialis, biceps brachii and pectoralis major the drop from concentric is a measured, significant direction (Dickie et al. 2017, P<0.01, PMID 28011412); latissimus dorsi is kept relatively high eccentrically per Doma 2013 (LD>TB, LD>RA eccentrically, PMID 24245055) and Williamson & Price 2021 (SPU eccentric LD EMGpeak greater than KPU/BPU, DOI 10.36905/jses.2021.02.08); triceps is bumped up slightly for its eccentric elbow-control/antagonist role (Doma 2013 measured TB present but below BB/LD, no %MVIC)."
trapezius_middle,hang_passive,3.0,%MVIC (estimated),strict pronated pull-up (Dennis's style),-,model estimate (this session),"derived, see note",estimated,"= 60.1 %MVIC whole-rep baseline [Dickie 2017 pronated-grip EMGpeak, PMID 28011412] x phase factor 0.05. Estimated phase factor, deliberately near the 'low' EMG bucket (0-15% MVIC) used by Edwards et al. 2017's systematic review of normal-shoulder EMG for passive/low-load positions (PMID 28704624, general shoulder-rehab literature, not pull-up-specific) -- used only as an order-of-magnitude anchor for what 'passive' should look like on an EMG scale. Forearm flexors are the exception: kept substantially non-zero because a passive hang still requires isometric grip against full bodyweight; climbing dead-hang studies confirm large forearm-flexor RMS at a sustained hang (Ferrer-Uris 2023 PMID 37304875, Dykes 2019 PMID 30721754) though neither reports %MVIC."
trapezius_middle,hang_active,18.0,%MVIC (estimated),strict pronated pull-up (Dennis's style),-,model estimate (this session),"derived, see note",estimated,"= 60.1 %MVIC whole-rep baseline [Dickie 2017 pronated-grip EMGpeak, PMID 28011412] x phase factor 0.3. Estimated phase factor. Direction (deliberately engaging lower trapezius, latissimus dorsi and serratus anterior to depress/retract the scapulae in an 'active hang') is a coaching-cue-level claim with NO primary EMG study of an active/passive bar hang located this session (see 01-emg-and-anatomy.md and the DOWNLOADS.md note below) -- flagged explicitly as an unverified secondary claim, not a measured number."
trapezius_lower,initiation,33.6,%MVIC (estimated),strict pronated pull-up (Dennis's style),-,model estimate (this session),"derived, see note",estimated,"= 56 %MVIC whole-rep baseline [Youdas 2010 pull-up high end, PMID 21068680] x phase factor 0.6. Estimated phase factor. Direction (scapular/PM-led start) per Youdas 2010's discussion ('initiated by lower trapezius and pectoralis major') PMID 21068680, and Ronai & Scibek 2014's NSCA technique column (scapular depression/retraction before elbow flexion) -- both descriptive, not EMG-onset-timed."
trapezius_lower,mid_concentric,50.4,%MVIC (estimated),strict pronated pull-up (Dennis's style),-,model estimate (this session),"derived, see note",estimated,"= 56 %MVIC whole-rep baseline [Youdas 2010 pull-up high end, PMID 21068680] x phase factor 0.9. Estimated phase factor. Direction (BB/LD amplitude building through mid-range) per Di Fonza et al. 2026 review PMID 42647355 paraphrasing Youdas 2010: 'biceps brachii and latissimus dorsi EMG amplitude increasing progressively toward the terminal concentric phase'."
trapezius_lower,top_hold,56.0,%MVIC (estimated),strict pronated pull-up (Dennis's style),-,model estimate (this session),"derived, see note",estimated,"= 56 %MVIC whole-rep baseline [Youdas 2010 pull-up high end, PMID 21068680] x phase factor 1.0. Estimated phase factor, set near/at the whole-rep measured baseline for the prime movers per Youdas 2010's 'completed with biceps brachii and latissimus dorsi recruitment' and Park & Yoo 2013's (PMID 24064179, isometric lat pull-down, not a dynamic pull-up) finding that the lower-trapezius share rises and the lat share falls as shoulder elevation increases toward the top."
trapezius_lower,eccentric,39.2,%MVIC (estimated),strict pronated pull-up (Dennis's style),-,model estimate (this session),"derived, see note",estimated,"= 56 %MVIC whole-rep baseline [Youdas 2010 pull-up high end, PMID 21068680] x phase factor 0.7. Estimated phase factor. For brachioradialis, biceps brachii and pectoralis major the drop from concentric is a measured, significant direction (Dickie et al. 2017, P<0.01, PMID 28011412); latissimus dorsi is kept relatively high eccentrically per Doma 2013 (LD>TB, LD>RA eccentrically, PMID 24245055) and Williamson & Price 2021 (SPU eccentric LD EMGpeak greater than KPU/BPU, DOI 10.36905/jses.2021.02.08); triceps is bumped up slightly for its eccentric elbow-control/antagonist role (Doma 2013 measured TB present but below BB/LD, no %MVIC)."
trapezius_lower,hang_passive,2.8,%MVIC (estimated),strict pronated pull-up (Dennis's style),-,model estimate (this session),"derived, see note",estimated,"= 56 %MVIC whole-rep baseline [Youdas 2010 pull-up high end, PMID 21068680] x phase factor 0.05. Estimated phase factor, deliberately near the 'low' EMG bucket (0-15% MVIC) used by Edwards et al. 2017's systematic review of normal-shoulder EMG for passive/low-load positions (PMID 28704624, general shoulder-rehab literature, not pull-up-specific) -- used only as an order-of-magnitude anchor for what 'passive' should look like on an EMG scale. Forearm flexors are the exception: kept substantially non-zero because a passive hang still requires isometric grip against full bodyweight; climbing dead-hang studies confirm large forearm-flexor RMS at a sustained hang (Ferrer-Uris 2023 PMID 37304875, Dykes 2019 PMID 30721754) though neither reports %MVIC."
trapezius_lower,hang_active,19.6,%MVIC (estimated),strict pronated pull-up (Dennis's style),-,model estimate (this session),"derived, see note",estimated,"= 56 %MVIC whole-rep baseline [Youdas 2010 pull-up high end, PMID 21068680] x phase factor 0.35. Estimated phase factor. Direction (deliberately engaging lower trapezius, latissimus dorsi and serratus anterior to depress/retract the scapulae in an 'active hang') is a coaching-cue-level claim with NO primary EMG study of an active/passive bar hang located this session (see 01-emg-and-anatomy.md and the DOWNLOADS.md note below) -- flagged explicitly as an unverified secondary claim, not a measured number."
serratus_anterior,initiation,12.8,%MVIC (estimated),strict pronated pull-up (Dennis's style),-,model estimate (this session),"derived, see note",estimated,"= 25.52 %MVIC whole-rep baseline [Tucker 2011 SUPINE pull-up (different exercise), PMID 21814139] x phase factor 0.5. Estimated phase factor. Direction (scapular/PM-led start) per Youdas 2010's discussion ('initiated by lower trapezius and pectoralis major') PMID 21068680, and Ronai & Scibek 2014's NSCA technique column (scapular depression/retraction before elbow flexion) -- both descriptive, not EMG-onset-timed."
serratus_anterior,mid_concentric,17.9,%MVIC (estimated),strict pronated pull-up (Dennis's style),-,model estimate (this session),"derived, see note",estimated,"= 25.52 %MVIC whole-rep baseline [Tucker 2011 SUPINE pull-up (different exercise), PMID 21814139] x phase factor 0.7. Estimated phase factor. Direction (BB/LD amplitude building through mid-range) per Di Fonza et al. 2026 review PMID 42647355 paraphrasing Youdas 2010: 'biceps brachii and latissimus dorsi EMG amplitude increasing progressively toward the terminal concentric phase'."
serratus_anterior,top_hold,19.1,%MVIC (estimated),strict pronated pull-up (Dennis's style),-,model estimate (this session),"derived, see note",estimated,"= 25.52 %MVIC whole-rep baseline [Tucker 2011 SUPINE pull-up (different exercise), PMID 21814139] x phase factor 0.75. Estimated phase factor, set near/at the whole-rep measured baseline for the prime movers per Youdas 2010's 'completed with biceps brachii and latissimus dorsi recruitment' and Park & Yoo 2013's (PMID 24064179, isometric lat pull-down, not a dynamic pull-up) finding that the lower-trapezius share rises and the lat share falls as shoulder elevation increases toward the top."
serratus_anterior,eccentric,14.0,%MVIC (estimated),strict pronated pull-up (Dennis's style),-,model estimate (this session),"derived, see note",estimated,"= 25.52 %MVIC whole-rep baseline [Tucker 2011 SUPINE pull-up (different exercise), PMID 21814139] x phase factor 0.55. Estimated phase factor. For brachioradialis, biceps brachii and pectoralis major the drop from concentric is a measured, significant direction (Dickie et al. 2017, P<0.01, PMID 28011412); latissimus dorsi is kept relatively high eccentrically per Doma 2013 (LD>TB, LD>RA eccentrically, PMID 24245055) and Williamson & Price 2021 (SPU eccentric LD EMGpeak greater than KPU/BPU, DOI 10.36905/jses.2021.02.08); triceps is bumped up slightly for its eccentric elbow-control/antagonist role (Doma 2013 measured TB present but below BB/LD, no %MVIC)."
serratus_anterior,hang_passive,1.3,%MVIC (estimated),strict pronated pull-up (Dennis's style),-,model estimate (this session),"derived, see note",estimated,"= 25.52 %MVIC whole-rep baseline [Tucker 2011 SUPINE pull-up (different exercise), PMID 21814139] x phase factor 0.05. Estimated phase factor, deliberately near the 'low' EMG bucket (0-15% MVIC) used by Edwards et al. 2017's systematic review of normal-shoulder EMG for passive/low-load positions (PMID 28704624, general shoulder-rehab literature, not pull-up-specific) -- used only as an order-of-magnitude anchor for what 'passive' should look like on an EMG scale. Forearm flexors are the exception: kept substantially non-zero because a passive hang still requires isometric grip against full bodyweight; climbing dead-hang studies confirm large forearm-flexor RMS at a sustained hang (Ferrer-Uris 2023 PMID 37304875, Dykes 2019 PMID 30721754) though neither reports %MVIC."
serratus_anterior,hang_active,7.7,%MVIC (estimated),strict pronated pull-up (Dennis's style),-,model estimate (this session),"derived, see note",estimated,"= 25.52 %MVIC whole-rep baseline [Tucker 2011 SUPINE pull-up (different exercise), PMID 21814139] x phase factor 0.3. Estimated phase factor. Direction (deliberately engaging lower trapezius, latissimus dorsi and serratus anterior to depress/retract the scapulae in an 'active hang') is a coaching-cue-level claim with NO primary EMG study of an active/passive bar hang located this session (see 01-emg-and-anatomy.md and the DOWNLOADS.md note below) -- flagged explicitly as an unverified secondary claim, not a measured number."
pectoralis_major,initiation,24.2,%MVIC (estimated),strict pronated pull-up (Dennis's style),-,model estimate (this session),"derived, see note",estimated,"= 44 %MVIC whole-rep baseline [Youdas 2010 pull-up low end, PMID 21068680] x phase factor 0.55. Estimated phase factor. Direction (scapular/PM-led start) per Youdas 2010's discussion ('initiated by lower trapezius and pectoralis major') PMID 21068680, and Ronai & Scibek 2014's NSCA technique column (scapular depression/retraction before elbow flexion) -- both descriptive, not EMG-onset-timed."
pectoralis_major,mid_concentric,24.2,%MVIC (estimated),strict pronated pull-up (Dennis's style),-,model estimate (this session),"derived, see note",estimated,"= 44 %MVIC whole-rep baseline [Youdas 2010 pull-up low end, PMID 21068680] x phase factor 0.55. Estimated phase factor. Direction (BB/LD amplitude building through mid-range) per Di Fonza et al. 2026 review PMID 42647355 paraphrasing Youdas 2010: 'biceps brachii and latissimus dorsi EMG amplitude increasing progressively toward the terminal concentric phase'."
pectoralis_major,top_hold,26.4,%MVIC (estimated),strict pronated pull-up (Dennis's style),-,model estimate (this session),"derived, see note",estimated,"= 44 %MVIC whole-rep baseline [Youdas 2010 pull-up low end, PMID 21068680] x phase factor 0.6. Estimated phase factor, set near/at the whole-rep measured baseline for the prime movers per Youdas 2010's 'completed with biceps brachii and latissimus dorsi recruitment' and Park & Yoo 2013's (PMID 24064179, isometric lat pull-down, not a dynamic pull-up) finding that the lower-trapezius share rises and the lat share falls as shoulder elevation increases toward the top."
pectoralis_major,eccentric,24.2,%MVIC (estimated),strict pronated pull-up (Dennis's style),-,model estimate (this session),"derived, see note",estimated,"= 44 %MVIC whole-rep baseline [Youdas 2010 pull-up low end, PMID 21068680] x phase factor 0.55. Estimated phase factor. For brachioradialis, biceps brachii and pectoralis major the drop from concentric is a measured, significant direction (Dickie et al. 2017, P<0.01, PMID 28011412); latissimus dorsi is kept relatively high eccentrically per Doma 2013 (LD>TB, LD>RA eccentrically, PMID 24245055) and Williamson & Price 2021 (SPU eccentric LD EMGpeak greater than KPU/BPU, DOI 10.36905/jses.2021.02.08); triceps is bumped up slightly for its eccentric elbow-control/antagonist role (Doma 2013 measured TB present but below BB/LD, no %MVIC)."
pectoralis_major,hang_passive,1.3,%MVIC (estimated),strict pronated pull-up (Dennis's style),-,model estimate (this session),"derived, see note",estimated,"= 44 %MVIC whole-rep baseline [Youdas 2010 pull-up low end, PMID 21068680] x phase factor 0.03. Estimated phase factor, deliberately near the 'low' EMG bucket (0-15% MVIC) used by Edwards et al. 2017's systematic review of normal-shoulder EMG for passive/low-load positions (PMID 28704624, general shoulder-rehab literature, not pull-up-specific) -- used only as an order-of-magnitude anchor for what 'passive' should look like on an EMG scale. Forearm flexors are the exception: kept substantially non-zero because a passive hang still requires isometric grip against full bodyweight; climbing dead-hang studies confirm large forearm-flexor RMS at a sustained hang (Ferrer-Uris 2023 PMID 37304875, Dykes 2019 PMID 30721754) though neither reports %MVIC."
pectoralis_major,hang_active,3.5,%MVIC (estimated),strict pronated pull-up (Dennis's style),-,model estimate (this session),"derived, see note",estimated,"= 44 %MVIC whole-rep baseline [Youdas 2010 pull-up low end, PMID 21068680] x phase factor 0.08. Estimated phase factor. Direction (deliberately engaging lower trapezius, latissimus dorsi and serratus anterior to depress/retract the scapulae in an 'active hang') is a coaching-cue-level claim with NO primary EMG study of an active/passive bar hang located this session (see 01-emg-and-anatomy.md and the DOWNLOADS.md note below) -- flagged explicitly as an unverified secondary claim, not a measured number."
triceps,initiation,4.0,%MVIC (estimated),strict pronated pull-up (Dennis's style),-,model estimate (this session),"derived, see note",estimated,"= 20 %MVIC whole-rep baseline [ESTIMATE; Doma 2013 (PMID 24245055) shows TB below BB/LD ordinally in chin-up but gives no %MVIC] x phase factor 0.2. Estimated phase factor. Direction (scapular/PM-led start) per Youdas 2010's discussion ('initiated by lower trapezius and pectoralis major') PMID 21068680, and Ronai & Scibek 2014's NSCA technique column (scapular depression/retraction before elbow flexion) -- both descriptive, not EMG-onset-timed."
triceps,mid_concentric,4.0,%MVIC (estimated),strict pronated pull-up (Dennis's style),-,model estimate (this session),"derived, see note",estimated,= 20 %MVIC whole-rep baseline [ESTIMATE; Doma 2013 (PMID 24245055) shows TB below BB/LD ordinally in chin-up but gives no %MVIC] x phase factor 0.2. Estimated phase factor. Direction (BB/LD amplitude building through mid-range) per Di Fonza et al. 2026 review PMID 42647355 paraphrasing Youdas 2010: 'biceps brachii and latissimus dorsi EMG amplitude increasing progressively toward the terminal concentric phase'.
triceps,top_hold,5.0,%MVIC (estimated),strict pronated pull-up (Dennis's style),-,model estimate (this session),"derived, see note",estimated,"= 20 %MVIC whole-rep baseline [ESTIMATE; Doma 2013 (PMID 24245055) shows TB below BB/LD ordinally in chin-up but gives no %MVIC] x phase factor 0.25. Estimated phase factor, set near/at the whole-rep measured baseline for the prime movers per Youdas 2010's 'completed with biceps brachii and latissimus dorsi recruitment' and Park & Yoo 2013's (PMID 24064179, isometric lat pull-down, not a dynamic pull-up) finding that the lower-trapezius share rises and the lat share falls as shoulder elevation increases toward the top."
triceps,eccentric,7.0,%MVIC (estimated),strict pronated pull-up (Dennis's style),-,model estimate (this session),"derived, see note",estimated,"= 20 %MVIC whole-rep baseline [ESTIMATE; Doma 2013 (PMID 24245055) shows TB below BB/LD ordinally in chin-up but gives no %MVIC] x phase factor 0.35. Estimated phase factor. For brachioradialis, biceps brachii and pectoralis major the drop from concentric is a measured, significant direction (Dickie et al. 2017, P<0.01, PMID 28011412); latissimus dorsi is kept relatively high eccentrically per Doma 2013 (LD>TB, LD>RA eccentrically, PMID 24245055) and Williamson & Price 2021 (SPU eccentric LD EMGpeak greater than KPU/BPU, DOI 10.36905/jses.2021.02.08); triceps is bumped up slightly for its eccentric elbow-control/antagonist role (Doma 2013 measured TB present but below BB/LD, no %MVIC)."
triceps,hang_passive,1.0,%MVIC (estimated),strict pronated pull-up (Dennis's style),-,model estimate (this session),"derived, see note",estimated,"= 20 %MVIC whole-rep baseline [ESTIMATE; Doma 2013 (PMID 24245055) shows TB below BB/LD ordinally in chin-up but gives no %MVIC] x phase factor 0.05. Estimated phase factor, deliberately near the 'low' EMG bucket (0-15% MVIC) used by Edwards et al. 2017's systematic review of normal-shoulder EMG for passive/low-load positions (PMID 28704624, general shoulder-rehab literature, not pull-up-specific) -- used only as an order-of-magnitude anchor for what 'passive' should look like on an EMG scale. Forearm flexors are the exception: kept substantially non-zero because a passive hang still requires isometric grip against full bodyweight; climbing dead-hang studies confirm large forearm-flexor RMS at a sustained hang (Ferrer-Uris 2023 PMID 37304875, Dykes 2019 PMID 30721754) though neither reports %MVIC."
triceps,hang_active,1.6,%MVIC (estimated),strict pronated pull-up (Dennis's style),-,model estimate (this session),"derived, see note",estimated,"= 20 %MVIC whole-rep baseline [ESTIMATE; Doma 2013 (PMID 24245055) shows TB below BB/LD ordinally in chin-up but gives no %MVIC] x phase factor 0.08. Estimated phase factor. Direction (deliberately engaging lower trapezius, latissimus dorsi and serratus anterior to depress/retract the scapulae in an 'active hang') is a coaching-cue-level claim with NO primary EMG study of an active/passive bar hang located this session (see 01-emg-and-anatomy.md and the DOWNLOADS.md note below) -- flagged explicitly as an unverified secondary claim, not a measured number."
rectus_abdominis,initiation,3.0,%MVIC (estimated),strict pronated pull-up (Dennis's style),-,model estimate (this session),"derived, see note",estimated,"= 15 %MVIC whole-rep baseline [ESTIMATE; Youdas/Dickie did not measure RA; Doma 2013 shows RA lower than LD eccentrically and lower than a hip-fixed lat pull-down (PMID 24245055); Dinunzio 2018 (PMID 29768093) shows the +28.7-point RA jump is a KIP effect, so the strict baseline is kept conservative] x phase factor 0.2. Estimated phase factor. Direction (scapular/PM-led start) per Youdas 2010's discussion ('initiated by lower trapezius and pectoralis major') PMID 21068680, and Ronai & Scibek 2014's NSCA technique column (scapular depression/retraction before elbow flexion) -- both descriptive, not EMG-onset-timed."
rectus_abdominis,mid_concentric,3.0,%MVIC (estimated),strict pronated pull-up (Dennis's style),-,model estimate (this session),"derived, see note",estimated,"= 15 %MVIC whole-rep baseline [ESTIMATE; Youdas/Dickie did not measure RA; Doma 2013 shows RA lower than LD eccentrically and lower than a hip-fixed lat pull-down (PMID 24245055); Dinunzio 2018 (PMID 29768093) shows the +28.7-point RA jump is a KIP effect, so the strict baseline is kept conservative] x phase factor 0.2. Estimated phase factor. Direction (BB/LD amplitude building through mid-range) per Di Fonza et al. 2026 review PMID 42647355 paraphrasing Youdas 2010: 'biceps brachii and latissimus dorsi EMG amplitude increasing progressively toward the terminal concentric phase'."
rectus_abdominis,top_hold,3.0,%MVIC (estimated),strict pronated pull-up (Dennis's style),-,model estimate (this session),"derived, see note",estimated,"= 15 %MVIC whole-rep baseline [ESTIMATE; Youdas/Dickie did not measure RA; Doma 2013 shows RA lower than LD eccentrically and lower than a hip-fixed lat pull-down (PMID 24245055); Dinunzio 2018 (PMID 29768093) shows the +28.7-point RA jump is a KIP effect, so the strict baseline is kept conservative] x phase factor 0.2. Estimated phase factor, set near/at the whole-rep measured baseline for the prime movers per Youdas 2010's 'completed with biceps brachii and latissimus dorsi recruitment' and Park & Yoo 2013's (PMID 24064179, isometric lat pull-down, not a dynamic pull-up) finding that the lower-trapezius share rises and the lat share falls as shoulder elevation increases toward the top."
rectus_abdominis,eccentric,3.0,%MVIC (estimated),strict pronated pull-up (Dennis's style),-,model estimate (this session),"derived, see note",estimated,"= 15 %MVIC whole-rep baseline [ESTIMATE; Youdas/Dickie did not measure RA; Doma 2013 shows RA lower than LD eccentrically and lower than a hip-fixed lat pull-down (PMID 24245055); Dinunzio 2018 (PMID 29768093) shows the +28.7-point RA jump is a KIP effect, so the strict baseline is kept conservative] x phase factor 0.2. Estimated phase factor. For brachioradialis, biceps brachii and pectoralis major the drop from concentric is a measured, significant direction (Dickie et al. 2017, P<0.01, PMID 28011412); latissimus dorsi is kept relatively high eccentrically per Doma 2013 (LD>TB, LD>RA eccentrically, PMID 24245055) and Williamson & Price 2021 (SPU eccentric LD EMGpeak greater than KPU/BPU, DOI 10.36905/jses.2021.02.08); triceps is bumped up slightly for its eccentric elbow-control/antagonist role (Doma 2013 measured TB present but below BB/LD, no %MVIC)."
rectus_abdominis,hang_passive,0.8,%MVIC (estimated),strict pronated pull-up (Dennis's style),-,model estimate (this session),"derived, see note",estimated,"= 15 %MVIC whole-rep baseline [ESTIMATE; Youdas/Dickie did not measure RA; Doma 2013 shows RA lower than LD eccentrically and lower than a hip-fixed lat pull-down (PMID 24245055); Dinunzio 2018 (PMID 29768093) shows the +28.7-point RA jump is a KIP effect, so the strict baseline is kept conservative] x phase factor 0.05. Estimated phase factor, deliberately near the 'low' EMG bucket (0-15% MVIC) used by Edwards et al. 2017's systematic review of normal-shoulder EMG for passive/low-load positions (PMID 28704624, general shoulder-rehab literature, not pull-up-specific) -- used only as an order-of-magnitude anchor for what 'passive' should look like on an EMG scale. Forearm flexors are the exception: kept substantially non-zero because a passive hang still requires isometric grip against full bodyweight; climbing dead-hang studies confirm large forearm-flexor RMS at a sustained hang (Ferrer-Uris 2023 PMID 37304875, Dykes 2019 PMID 30721754) though neither reports %MVIC."
rectus_abdominis,hang_active,0.8,%MVIC (estimated),strict pronated pull-up (Dennis's style),-,model estimate (this session),"derived, see note",estimated,"= 15 %MVIC whole-rep baseline [ESTIMATE; Youdas/Dickie did not measure RA; Doma 2013 shows RA lower than LD eccentrically and lower than a hip-fixed lat pull-down (PMID 24245055); Dinunzio 2018 (PMID 29768093) shows the +28.7-point RA jump is a KIP effect, so the strict baseline is kept conservative] x phase factor 0.05. Estimated phase factor. Direction (deliberately engaging lower trapezius, latissimus dorsi and serratus anterior to depress/retract the scapulae in an 'active hang') is a coaching-cue-level claim with NO primary EMG study of an active/passive bar hang located this session (see 01-emg-and-anatomy.md and the DOWNLOADS.md note below) -- flagged explicitly as an unverified secondary claim, not a measured number."
external_oblique,initiation,6.6,%MVIC (estimated),strict pronated pull-up (Dennis's style),-,model estimate (this session),"derived, see note",estimated,"= 33 %MVIC whole-rep baseline [Youdas 2010 midpoint of 31-35, PMID 21068680] x phase factor 0.2. Estimated phase factor. Direction (scapular/PM-led start) per Youdas 2010's discussion ('initiated by lower trapezius and pectoralis major') PMID 21068680, and Ronai & Scibek 2014's NSCA technique column (scapular depression/retraction before elbow flexion) -- both descriptive, not EMG-onset-timed."
external_oblique,mid_concentric,6.6,%MVIC (estimated),strict pronated pull-up (Dennis's style),-,model estimate (this session),"derived, see note",estimated,"= 33 %MVIC whole-rep baseline [Youdas 2010 midpoint of 31-35, PMID 21068680] x phase factor 0.2. Estimated phase factor. Direction (BB/LD amplitude building through mid-range) per Di Fonza et al. 2026 review PMID 42647355 paraphrasing Youdas 2010: 'biceps brachii and latissimus dorsi EMG amplitude increasing progressively toward the terminal concentric phase'."
external_oblique,top_hold,6.6,%MVIC (estimated),strict pronated pull-up (Dennis's style),-,model estimate (this session),"derived, see note",estimated,"= 33 %MVIC whole-rep baseline [Youdas 2010 midpoint of 31-35, PMID 21068680] x phase factor 0.2. Estimated phase factor, set near/at the whole-rep measured baseline for the prime movers per Youdas 2010's 'completed with biceps brachii and latissimus dorsi recruitment' and Park & Yoo 2013's (PMID 24064179, isometric lat pull-down, not a dynamic pull-up) finding that the lower-trapezius share rises and the lat share falls as shoulder elevation increases toward the top."
external_oblique,eccentric,6.6,%MVIC (estimated),strict pronated pull-up (Dennis's style),-,model estimate (this session),"derived, see note",estimated,"= 33 %MVIC whole-rep baseline [Youdas 2010 midpoint of 31-35, PMID 21068680] x phase factor 0.2. Estimated phase factor. For brachioradialis, biceps brachii and pectoralis major the drop from concentric is a measured, significant direction (Dickie et al. 2017, P<0.01, PMID 28011412); latissimus dorsi is kept relatively high eccentrically per Doma 2013 (LD>TB, LD>RA eccentrically, PMID 24245055) and Williamson & Price 2021 (SPU eccentric LD EMGpeak greater than KPU/BPU, DOI 10.36905/jses.2021.02.08); triceps is bumped up slightly for its eccentric elbow-control/antagonist role (Doma 2013 measured TB present but below BB/LD, no %MVIC)."
external_oblique,hang_passive,1.7,%MVIC (estimated),strict pronated pull-up (Dennis's style),-,model estimate (this session),"derived, see note",estimated,"= 33 %MVIC whole-rep baseline [Youdas 2010 midpoint of 31-35, PMID 21068680] x phase factor 0.05. Estimated phase factor, deliberately near the 'low' EMG bucket (0-15% MVIC) used by Edwards et al. 2017's systematic review of normal-shoulder EMG for passive/low-load positions (PMID 28704624, general shoulder-rehab literature, not pull-up-specific) -- used only as an order-of-magnitude anchor for what 'passive' should look like on an EMG scale. Forearm flexors are the exception: kept substantially non-zero because a passive hang still requires isometric grip against full bodyweight; climbing dead-hang studies confirm large forearm-flexor RMS at a sustained hang (Ferrer-Uris 2023 PMID 37304875, Dykes 2019 PMID 30721754) though neither reports %MVIC."
external_oblique,hang_active,1.7,%MVIC (estimated),strict pronated pull-up (Dennis's style),-,model estimate (this session),"derived, see note",estimated,"= 33 %MVIC whole-rep baseline [Youdas 2010 midpoint of 31-35, PMID 21068680] x phase factor 0.05. Estimated phase factor. Direction (deliberately engaging lower trapezius, latissimus dorsi and serratus anterior to depress/retract the scapulae in an 'active hang') is a coaching-cue-level claim with NO primary EMG study of an active/passive bar hang located this session (see 01-emg-and-anatomy.md and the DOWNLOADS.md note below) -- flagged explicitly as an unverified secondary claim, not a measured number."
erector_spinae,initiation,10.0,%MVIC (estimated),strict pronated pull-up (Dennis's style),-,model estimate (this session),"derived, see note",estimated,"= 40 %MVIC whole-rep baseline [Youdas 2010 midpoint of 39-41, PMID 21068680] x phase factor 0.25. Estimated phase factor. Direction (scapular/PM-led start) per Youdas 2010's discussion ('initiated by lower trapezius and pectoralis major') PMID 21068680, and Ronai & Scibek 2014's NSCA technique column (scapular depression/retraction before elbow flexion) -- both descriptive, not EMG-onset-timed."
erector_spinae,mid_concentric,10.0,%MVIC (estimated),strict pronated pull-up (Dennis's style),-,model estimate (this session),"derived, see note",estimated,"= 40 %MVIC whole-rep baseline [Youdas 2010 midpoint of 39-41, PMID 21068680] x phase factor 0.25. Estimated phase factor. Direction (BB/LD amplitude building through mid-range) per Di Fonza et al. 2026 review PMID 42647355 paraphrasing Youdas 2010: 'biceps brachii and latissimus dorsi EMG amplitude increasing progressively toward the terminal concentric phase'."
erector_spinae,top_hold,10.0,%MVIC (estimated),strict pronated pull-up (Dennis's style),-,model estimate (this session),"derived, see note",estimated,"= 40 %MVIC whole-rep baseline [Youdas 2010 midpoint of 39-41, PMID 21068680] x phase factor 0.25. Estimated phase factor, set near/at the whole-rep measured baseline for the prime movers per Youdas 2010's 'completed with biceps brachii and latissimus dorsi recruitment' and Park & Yoo 2013's (PMID 24064179, isometric lat pull-down, not a dynamic pull-up) finding that the lower-trapezius share rises and the lat share falls as shoulder elevation increases toward the top."
erector_spinae,eccentric,10.0,%MVIC (estimated),strict pronated pull-up (Dennis's style),-,model estimate (this session),"derived, see note",estimated,"= 40 %MVIC whole-rep baseline [Youdas 2010 midpoint of 39-41, PMID 21068680] x phase factor 0.25. Estimated phase factor. For brachioradialis, biceps brachii and pectoralis major the drop from concentric is a measured, significant direction (Dickie et al. 2017, P<0.01, PMID 28011412); latissimus dorsi is kept relatively high eccentrically per Doma 2013 (LD>TB, LD>RA eccentrically, PMID 24245055) and Williamson & Price 2021 (SPU eccentric LD EMGpeak greater than KPU/BPU, DOI 10.36905/jses.2021.02.08); triceps is bumped up slightly for its eccentric elbow-control/antagonist role (Doma 2013 measured TB present but below BB/LD, no %MVIC)."
erector_spinae,hang_passive,4.0,%MVIC (estimated),strict pronated pull-up (Dennis's style),-,model estimate (this session),"derived, see note",estimated,"= 40 %MVIC whole-rep baseline [Youdas 2010 midpoint of 39-41, PMID 21068680] x phase factor 0.1. Estimated phase factor, deliberately near the 'low' EMG bucket (0-15% MVIC) used by Edwards et al. 2017's systematic review of normal-shoulder EMG for passive/low-load positions (PMID 28704624, general shoulder-rehab literature, not pull-up-specific) -- used only as an order-of-magnitude anchor for what 'passive' should look like on an EMG scale. Forearm flexors are the exception: kept substantially non-zero because a passive hang still requires isometric grip against full bodyweight; climbing dead-hang studies confirm large forearm-flexor RMS at a sustained hang (Ferrer-Uris 2023 PMID 37304875, Dykes 2019 PMID 30721754) though neither reports %MVIC."
erector_spinae,hang_active,4.0,%MVIC (estimated),strict pronated pull-up (Dennis's style),-,model estimate (this session),"derived, see note",estimated,"= 40 %MVIC whole-rep baseline [Youdas 2010 midpoint of 39-41, PMID 21068680] x phase factor 0.1. Estimated phase factor. Direction (deliberately engaging lower trapezius, latissimus dorsi and serratus anterior to depress/retract the scapulae in an 'active hang') is a coaching-cue-level claim with NO primary EMG study of an active/passive bar hang located this session (see 01-emg-and-anatomy.md and the DOWNLOADS.md note below) -- flagged explicitly as an unverified secondary claim, not a measured number."
hip_flexors,initiation,1.5,%MVIC (estimated),strict pronated pull-up (Dennis's style),-,model estimate (this session),"derived, see note",estimated,"= 10 %MVIC whole-rep baseline [ESTIMATE, conservative; Dinunzio 2018 (PMID 29768093) only measured the KIP increment (+26.1 points), not the strict baseline] x phase factor 0.15. Estimated phase factor. Direction (scapular/PM-led start) per Youdas 2010's discussion ('initiated by lower trapezius and pectoralis major') PMID 21068680, and Ronai & Scibek 2014's NSCA technique column (scapular depression/retraction before elbow flexion) -- both descriptive, not EMG-onset-timed."
hip_flexors,mid_concentric,1.5,%MVIC (estimated),strict pronated pull-up (Dennis's style),-,model estimate (this session),"derived, see note",estimated,"= 10 %MVIC whole-rep baseline [ESTIMATE, conservative; Dinunzio 2018 (PMID 29768093) only measured the KIP increment (+26.1 points), not the strict baseline] x phase factor 0.15. Estimated phase factor. Direction (BB/LD amplitude building through mid-range) per Di Fonza et al. 2026 review PMID 42647355 paraphrasing Youdas 2010: 'biceps brachii and latissimus dorsi EMG amplitude increasing progressively toward the terminal concentric phase'."
hip_flexors,top_hold,1.5,%MVIC (estimated),strict pronated pull-up (Dennis's style),-,model estimate (this session),"derived, see note",estimated,"= 10 %MVIC whole-rep baseline [ESTIMATE, conservative; Dinunzio 2018 (PMID 29768093) only measured the KIP increment (+26.1 points), not the strict baseline] x phase factor 0.15. Estimated phase factor, set near/at the whole-rep measured baseline for the prime movers per Youdas 2010's 'completed with biceps brachii and latissimus dorsi recruitment' and Park & Yoo 2013's (PMID 24064179, isometric lat pull-down, not a dynamic pull-up) finding that the lower-trapezius share rises and the lat share falls as shoulder elevation increases toward the top."
hip_flexors,eccentric,1.5,%MVIC (estimated),strict pronated pull-up (Dennis's style),-,model estimate (this session),"derived, see note",estimated,"= 10 %MVIC whole-rep baseline [ESTIMATE, conservative; Dinunzio 2018 (PMID 29768093) only measured the KIP increment (+26.1 points), not the strict baseline] x phase factor 0.15. Estimated phase factor. For brachioradialis, biceps brachii and pectoralis major the drop from concentric is a measured, significant direction (Dickie et al. 2017, P<0.01, PMID 28011412); latissimus dorsi is kept relatively high eccentrically per Doma 2013 (LD>TB, LD>RA eccentrically, PMID 24245055) and Williamson & Price 2021 (SPU eccentric LD EMGpeak greater than KPU/BPU, DOI 10.36905/jses.2021.02.08); triceps is bumped up slightly for its eccentric elbow-control/antagonist role (Doma 2013 measured TB present but below BB/LD, no %MVIC)."
hip_flexors,hang_passive,0.5,%MVIC (estimated),strict pronated pull-up (Dennis's style),-,model estimate (this session),"derived, see note",estimated,"= 10 %MVIC whole-rep baseline [ESTIMATE, conservative; Dinunzio 2018 (PMID 29768093) only measured the KIP increment (+26.1 points), not the strict baseline] x phase factor 0.05. Estimated phase factor, deliberately near the 'low' EMG bucket (0-15% MVIC) used by Edwards et al. 2017's systematic review of normal-shoulder EMG for passive/low-load positions (PMID 28704624, general shoulder-rehab literature, not pull-up-specific) -- used only as an order-of-magnitude anchor for what 'passive' should look like on an EMG scale. Forearm flexors are the exception: kept substantially non-zero because a passive hang still requires isometric grip against full bodyweight; climbing dead-hang studies confirm large forearm-flexor RMS at a sustained hang (Ferrer-Uris 2023 PMID 37304875, Dykes 2019 PMID 30721754) though neither reports %MVIC."
hip_flexors,hang_active,0.5,%MVIC (estimated),strict pronated pull-up (Dennis's style),-,model estimate (this session),"derived, see note",estimated,"= 10 %MVIC whole-rep baseline [ESTIMATE, conservative; Dinunzio 2018 (PMID 29768093) only measured the KIP increment (+26.1 points), not the strict baseline] x phase factor 0.05. Estimated phase factor. Direction (deliberately engaging lower trapezius, latissimus dorsi and serratus anterior to depress/retract the scapulae in an 'active hang') is a coaching-cue-level claim with NO primary EMG study of an active/passive bar hang located this session (see 01-emg-and-anatomy.md and the DOWNLOADS.md note below) -- flagged explicitly as an unverified secondary claim, not a measured number."
legs,initiation,0.8,%MVIC (estimated),strict pronated pull-up (Dennis's style),-,model estimate (this session),"derived, see note",estimated,"= 8 %MVIC whole-rep baseline [ESTIMATE, conservative; Dinunzio 2018 (PMID 29768093) only measured the KIP increment for TFL (+13.5 points), not the strict baseline] x phase factor 0.1. Estimated phase factor. Direction (scapular/PM-led start) per Youdas 2010's discussion ('initiated by lower trapezius and pectoralis major') PMID 21068680, and Ronai & Scibek 2014's NSCA technique column (scapular depression/retraction before elbow flexion) -- both descriptive, not EMG-onset-timed."
legs,mid_concentric,0.8,%MVIC (estimated),strict pronated pull-up (Dennis's style),-,model estimate (this session),"derived, see note",estimated,"= 8 %MVIC whole-rep baseline [ESTIMATE, conservative; Dinunzio 2018 (PMID 29768093) only measured the KIP increment for TFL (+13.5 points), not the strict baseline] x phase factor 0.1. Estimated phase factor. Direction (BB/LD amplitude building through mid-range) per Di Fonza et al. 2026 review PMID 42647355 paraphrasing Youdas 2010: 'biceps brachii and latissimus dorsi EMG amplitude increasing progressively toward the terminal concentric phase'."
legs,top_hold,0.8,%MVIC (estimated),strict pronated pull-up (Dennis's style),-,model estimate (this session),"derived, see note",estimated,"= 8 %MVIC whole-rep baseline [ESTIMATE, conservative; Dinunzio 2018 (PMID 29768093) only measured the KIP increment for TFL (+13.5 points), not the strict baseline] x phase factor 0.1. Estimated phase factor, set near/at the whole-rep measured baseline for the prime movers per Youdas 2010's 'completed with biceps brachii and latissimus dorsi recruitment' and Park & Yoo 2013's (PMID 24064179, isometric lat pull-down, not a dynamic pull-up) finding that the lower-trapezius share rises and the lat share falls as shoulder elevation increases toward the top."
legs,eccentric,0.8,%MVIC (estimated),strict pronated pull-up (Dennis's style),-,model estimate (this session),"derived, see note",estimated,"= 8 %MVIC whole-rep baseline [ESTIMATE, conservative; Dinunzio 2018 (PMID 29768093) only measured the KIP increment for TFL (+13.5 points), not the strict baseline] x phase factor 0.1. Estimated phase factor. For brachioradialis, biceps brachii and pectoralis major the drop from concentric is a measured, significant direction (Dickie et al. 2017, P<0.01, PMID 28011412); latissimus dorsi is kept relatively high eccentrically per Doma 2013 (LD>TB, LD>RA eccentrically, PMID 24245055) and Williamson & Price 2021 (SPU eccentric LD EMGpeak greater than KPU/BPU, DOI 10.36905/jses.2021.02.08); triceps is bumped up slightly for its eccentric elbow-control/antagonist role (Doma 2013 measured TB present but below BB/LD, no %MVIC)."
legs,hang_passive,0.4,%MVIC (estimated),strict pronated pull-up (Dennis's style),-,model estimate (this session),"derived, see note",estimated,"= 8 %MVIC whole-rep baseline [ESTIMATE, conservative; Dinunzio 2018 (PMID 29768093) only measured the KIP increment for TFL (+13.5 points), not the strict baseline] x phase factor 0.05. Estimated phase factor, deliberately near the 'low' EMG bucket (0-15% MVIC) used by Edwards et al. 2017's systematic review of normal-shoulder EMG for passive/low-load positions (PMID 28704624, general shoulder-rehab literature, not pull-up-specific) -- used only as an order-of-magnitude anchor for what 'passive' should look like on an EMG scale. Forearm flexors are the exception: kept substantially non-zero because a passive hang still requires isometric grip against full bodyweight; climbing dead-hang studies confirm large forearm-flexor RMS at a sustained hang (Ferrer-Uris 2023 PMID 37304875, Dykes 2019 PMID 30721754) though neither reports %MVIC."
legs,hang_active,0.4,%MVIC (estimated),strict pronated pull-up (Dennis's style),-,model estimate (this session),"derived, see note",estimated,"= 8 %MVIC whole-rep baseline [ESTIMATE, conservative; Dinunzio 2018 (PMID 29768093) only measured the KIP increment for TFL (+13.5 points), not the strict baseline] x phase factor 0.05. Estimated phase factor. Direction (deliberately engaging lower trapezius, latissimus dorsi and serratus anterior to depress/retract the scapulae in an 'active hang') is a coaching-cue-level claim with NO primary EMG study of an active/passive bar hang located this session (see 01-emg-and-anatomy.md and the DOWNLOADS.md note below) -- flagged explicitly as an unverified secondary claim, not a measured number."
