quantity,exercise,rep_or_time,value,unit,condition,source,pmid_or_doi,table_or_figure,note
velocity-loss vs %reps-completed R2,pull-up,whole set,0.88,R2,52 trained men; stable after 12wk training (+15% max reps),sanchezmoreno2017,PMID28338365,abstract,"pull-up-specific; primary basis for a rising rep-to-rep velocity-loss curve; slope/intercept not recoverable (paywalled tables)"
V1RM (velocity at 1RM),pull-up,rep 1 equivalent,0.20,m/s,52 trained men (SD 0.05),sanchezmoreno2017,PMID28338365,abstract,pull-up-specific; per-individual calibration point not a universal constant
VL25 vs VL50 training outcome,pull-up,whole set (training study),no additional gain beyond 25% loss,categorical,29 strength-trained men 8wk RCT,sanchezmoreno2020,PMID32213783,abstract,"pull-up-specific; 25% cumulative within-set velocity loss is the practical ceiling of a still-productive strength/velocity set"
within-set velocity loss vs post-exercise lactate,general resistance training (bench press/squat),whole set,0.93-0.97,r,18 strength-trained men; 15 rep/set protocols,sanchezmedina2011,PMID21311352,abstract,NOT pull-up-specific; transferred; validates velocity loss as a proxy for accumulating metabolic fatigue within one set
within-set velocity loss vs CMJ height loss,general resistance training (squat),whole set,0.91-0.97,r,18 strength-trained men,sanchezmedina2011,PMID21311352,abstract,NOT pull-up-specific; transferred
ammonia rise onset,general resistance training,within set,only above resting once reps done >= 50%+2 of predicted max,categorical,18 strength-trained men,sanchezmedina2011,PMID21311352,abstract,"NOT pull-up-specific; supports a nonlinear (accelerating) fatigue curve past the set's midpoint, consistent with 'each rep hotter than the last'"
peak power loss (pretraining),leg press,5x10RM set,46,%,12 trained men; 2min inter-set rest,izquierdo2009,PMID19382055,abstract,"NOT pull-up-specific; transferred; whole-session (5 sets) peak power decline, not per-rep, but shows the ceiling magnitude of within-session power loss to compare a pull-up set against"
peak power loss (relative-intensity retest),leg press,5x10RM set,58-62,%,12 trained men; post-training retest at same relative load,izquierdo2009,PMID19382055,abstract,NOT pull-up-specific; transferred; shows power loss magnitude can exceed 50% within a short multi-set fatiguing protocol
isometric strength loss,leg press,5x10RM set,12-17,%,12 trained men,izquierdo2009,PMID19382055,abstract,NOT pull-up-specific; transferred; contrast point -- dynamic/power fatigue outstrips isometric MVC loss
peak power loss pretraining vs posttraining,leg press,5x10 (5 sets of 10),46 (pre) vs 61 (post),%,12 trained subjects; 2min inter-set rest,gonzalezizal2011,PMID20581711,abstract,"NOT pull-up-specific; transferred; same measurement as Izquierdo2009 companion paper, different framing (fatigue MAPPING paper)"
sEMG wavelet index variance explained (power-loss prediction),leg press,5x10 (5 sets of 10),46.6 (single predictor) / 49.8 (2-factor),% variance explained,15 trained subjects; 2min inter-set rest,gonzalezizal2010,PMID20579906,abstract,NOT pull-up-specific; transferred; EMG-based indices only partially track power loss -- a caution against a 1:1 EMG-to-effort mapping
EMG amplitude rise through a set to failure,lateral raise (elastic tubing),first rep to final reps before failure,86 to 124,%MVC (trapezius),15 untrained women; ~15RM set to failure,sundstrup2012,PMID21986694,abstract,"NOT pull-up-specific; transferred; explicit first-to-last-rep %MVIC numbers, curvilinear rise with a plateau in the final 3-5 reps before failure -- direct evidence for 'each rep hotter' with diminishing marginal heat near failure"
EMG amplitude plateau point,lateral raise (elastic tubing),final reps before failure,3-5 reps before failure,rep count,15 untrained women,sundstrup2012,PMID21986694,abstract,NOT pull-up-specific; transferred; motor-unit pool already fully recruited before literal mechanical failure
median power frequency trend through set to failure,lateral raise (elastic tubing),first rep to failure,linear decrease,qualitative (no % given in abstract),15 untrained women,sundstrup2012,PMID21986694,abstract,NOT pull-up-specific; transferred; frequency compression is linear even though amplitude rise is curvilinear -- two different signatures of the same fatigue process
sEMG higher mid/last vs initial reps,bench press set to failure,initial vs middle vs last (time-under-tension matched),higher in middle AND last vs initial (p<0.001),qualitative (pectoralis major and triceps brachii),14 men; 40/60/80%1RM sets to failure,tsoukos2021,PMID34329514,abstract,"NOT pull-up-specific; transferred; amplitude keeps rising past the middle of the set, not just early-vs-late"
velocity loss and MDF drop at exhaustion,bench press set to failure,failure vs first rep,greater at 40% and 60%1RM than at 80%1RM,% (no absolute number in abstract),14 men,tsoukos2021,PMID34329514,abstract,"NOT pull-up-specific; transferred; lighter/longer sets produce MORE frequency compression than short heavy sets -- relevant since an 8-rep bodyweight pull-up set is closer to a moderate-load, moderate-duration set"
MVC (elbow flexors) decline after first work bout,pull-up (ultra-endurance; 330 reps/bout),after first 330-rep bout,-8.6 to -29.1,% of baseline,1 male world-record-attempt athlete; 3 pacing strategies (FL/FMS/SN),zhang2022,PMID36618336,abstract+fig2,"PULL-UP-SPECIFIC (n=1 case study, NOT an 8-rep set -- 330 reps per bout); shows MVC drops fastest with the LONGEST recovery between blocks (FL), slowest with continuous no-rest pacing (SN) -- i.e. resuming after a longer break does not reset force output, consistent with residual/incomplete recovery"
potentiated single twitch decline after first bout,pull-up (ultra-endurance),after first 330-rep bout,-41.8 to -75.0,% of baseline,1 male athlete; 3 pacing strategies,zhang2022,PMID36618336,abstract+fig2,PULL-UP-SPECIFIC (case study); peripheral (contractile) fatigue marker drops much further than voluntary MVC -- peripheral mechanism dominates
high-frequency doublet force decline after first bout,pull-up (ultra-endurance),after first 330-rep bout,-29.2 to -63.3,% of baseline,1 male athlete; 3 pacing strategies,zhang2022,PMID36618336,abstract+fig2,PULL-UP-SPECIFIC (case study)
MVC at end of full task (all bouts),pull-up (ultra-endurance; 1980 reps),task completion,~73-78,% of baseline,1 male athlete; all 3 pacing strategies converged near this range,zhang2022,PMID36618336,fig2/results text,PULL-UP-SPECIFIC (case study); floor of voluntary force after sustained repeated exposure
low-frequency:high-frequency doublet ratio at 24h recovery,pull-up (ultra-endurance),+24h post-task,90,% of baseline (FL condition only),1 male athlete,zhang2022,PMID36618336,results text,"PULL-UP-SPECIFIC (case study); long-lasting low-frequency fatigue persists past 24h in the longest-recovery-between-bouts condition, evidence for slow peripheral (not just central) recovery"
biceps rmsEMG within-bout pattern,pull-up (ultra-endurance),within a 330-rep bout,rises then falls near end of bout (SN/FL) or falls-then-rises (FMS),qualitative,1 male athlete,zhang2022,PMID36618336,fig3/results text,"PULL-UP-SPECIFIC (case study); EMG amplitude is NOT monotonic across a very long bout -- caution against assuming amplitude always keeps climbing; NOTE this bout is 330 reps, not ~8, so the early-set portion most relevant to an 8-rep set is the RISING segment"
peak velocity (cluster vs traditional set configuration),clean pull (Olympic weightlifting),whole set (5 reps),cluster > traditional (p<0.016),qualitative,13 men; 90% and 120%1RM,haff2003,PMID12580663,abstract,"NOT pull-up-specific; transferred; foundational cluster-set finding -- inserting rest between reps preserves velocity that a continuous set loses"
peak (mean) velocity SMD favoring cluster sets,mixed resistance exercises,within-session,0.815 (peak) / 0.863 (mean),SMD (Hedges'/Cohen's d equivalent),25 pooled studies; systematic review+meta-analysis,latella2019,PMID31506904,abstract,"NOT pull-up-specific; transferred; standardized effect size for how much velocity is RETAINED when intra-set rest is inserted vs a continuous set"
peak (mean) power SMD favoring cluster sets,mixed resistance exercises,within-session,0.356 (peak) / 0.692 (mean),SMD,25 pooled studies,latella2019,PMID31506904,abstract,NOT pull-up-specific; transferred
peak force SMD favoring cluster sets,mixed resistance exercises,within-session,0.306,SMD (95% CI -0.028 to 0.584),25 pooled studies,latella2019,PMID31506904,abstract,NOT pull-up-specific; transferred; smallest and least certain of the three SMDs -- force is preserved less than velocity/power by short rest
range of intra-set/inter-repetition rest durations studied,mixed resistance exercises (lower- and full-body),per rep or per cluster,6.0-45.4,seconds,pooled across included studies,latella2019,PMID31506904,full text (body),"NOT pull-up-specific; transferred; this is the literature's working range for 'short rest' -- Dennis's rep cadence during the set (~45s/8 reps =~5-6s per rep) sits at or below the SHORT end of this range, i.e. even shorter than what most cluster-set studies test"
suggested attenuating rest interval,mixed resistance exercises,per cluster,15-30,seconds,Haff et al. (cited secondhand in Latella 2019 review text),latella2019,PMID31506904,full text (body),NOT pull-up-specific; transferred; a literature-suggested threshold for rest long enough to measurably blunt fatigue markers
power output change with different inter-rep/intra-set rest durations,bench press,per set,-53.8 W (23s inter-rep) / -66.9 W (56s intra-set) / -57.0 W (109s intra-set),Watts,Lawton et al. 2006 as reported inside Latella 2019 review,latella2019,PMID31506904,full text (body),"NOT pull-up-specific; transferred (secondary, cited inside the review, original Lawton et al. 2006 not independently fetched this session); power reduction is NOT monotonically smaller with longer rest in this one dataset -- caution against assuming 'more rest always = more recovery' at these short durations"
overall cluster-set-structure effect (inter-rep vs intra-set vs rest-pause),mixed resistance exercises,within-session,0.731,"SMD (95% CI 0.567-0.894, p<0.001)","25 pooled studies; no difference between the three rest-structure types (Q[3]=2.675, p=0.367)",latella2019,PMID31506904,full text (body),"NOT pull-up-specific; transferred; ALL of these rest types remove the external load (bar racked / bar on floor) during the rest -- i.e. this is UNLOADED, blood-flow-restored rest, unlike a pull-up dead hang where the muscles stay loaded between reps"
alternative set structures effect on velocity/power decline DURING a session,mixed resistance exercises,within-session,SMD 0.83-1.97,SMD,32 pooled studies; systematic review+meta-analysis,jukictufano2020,PMID32901442,abstract,"NOT pull-up-specific; transferred; larger effect than the effect on absolute velocity/power values themselves, i.e. short rest matters most for BLUNTING THE DECLINE, not for raising peak output"
alternative set structures effect on lactate accumulation,mixed resistance exercises,within-session,1.61,SMD,32 pooled studies,jukictufano2020,PMID32901442,abstract,NOT pull-up-specific; transferred
alternative set structures effect on RPE,mixed resistance exercises,within-session,0.81,SMD,32 pooled studies,jukictufano2020,PMID32901442,abstract,NOT pull-up-specific; transferred
cluster sets more effective than rest redistribution,mixed resistance exercises,within-session,cluster > rest-redistribution,categorical,32 pooled studies,jukictufano2020,PMID32901442,abstract,"NOT pull-up-specific; transferred; total rest TIME matters, not just that rest exists -- rest-redistribution keeps total rest constant but spreads it thinner and is less protective"
velocity loss by set configuration (first vs last set),bench press,"first set vs last set (3x10 or 6x5, 10RM load)",TR1 -39.3% / CL5 -20.2% / CL10 -12.9% / TR2 -10.3% / CL15 -10.0%,% velocity loss (mean+-SD given in abstract),"10 men; TR1=3x10 continuous, TR2=6x5 continuous, CL5/10/15=3x10 with 5/10/15s intra-set rest every rep",garciaramos2020,PMID29076963,abstract,"NOT pull-up-specific; transferred; THE key explicit number set for 'how much recovers with short rest' -- even 5s of unloaded rest roughly HALVES the velocity loss (-39.3% to -20.2%); 10-15s reduces it further to about a quarter of the no-rest value"
blood lactate by set configuration,bench press,post-session,TR1 7.9 / CL5 5.8 / TR2 4.2 / CL10 3.5 / CL15 3.4,mmol/L,10 men,garciaramos2020,PMID29076963,abstract,NOT pull-up-specific; transferred; metabolic stress tracks the same ordering as velocity loss
"velocity loss (men vs women, whole session)",bench press,24-rep session (TR/CL/IRR configurations pooled),-12.1 (men) / -11.3 (women),%,13 men + 13 women; 6RM load,torrejon2019,PMID30955089,abstract,"NOT pull-up-specific; transferred; IRR (39s inter-repetition rest, load fully unracked/racked each rep) gave HIGHER velocity specifically on the LAST repetition of each mini-set than traditional continuous reps, even though average session velocity did not differ"
F0 (max theoretical force) decline after session,bench press,pre- vs post-session,significant decrease (p=0.001),qualitative (no % in abstract),13 men + 13 women,torrejon2019,PMID30955089,abstract,NOT pull-up-specific; transferred; force-capacity ceiling drops even when average velocity during the session is defended by rest
muscle temperature rise during exercise,"knee extension (isotonic, 60% VO2peak)",15min bout,+2.00 to +3.20 (depth-dependent: 10/25/40mm from probe tip),degC,7 subjects; intramuscular multisensor thermal probe,kenny2003,PMID12598487,abstract,"NOT pull-up-specific; transferred; establishes the pre-exercise-to-peak temperature RISE for calibration, so the post-exercise decay can be read against the same scale"
muscle temperature still elevated at end of 60min recovery,knee extension,+60min post-exercise,+0.92 to +1.77 (depth-dependent),degC above resting baseline,7 subjects,kenny2003,PMID12598487,abstract,"NOT pull-up-specific; transferred; muscle temperature decreases GRADUALLY over recovery and remains significantly elevated a full hour later (P<0.05) -- i.e. essentially none of the temperature rise is lost in the first 5-10s after exercise stops; a 5s window after Dennis lets go of the bar should show a temperature change too small to be visually distinguishable from the peak"
esophageal (core) temperature rise during exercise,knee extension,15min bout,+0.55,degC,7 subjects,kenny2003,PMID12598487,abstract,"NOT pull-up-specific; transferred; core temp rises much less than local muscle temp -- confirms the heat map should be driven by muscle/local signal, not a core-temperature proxy"
esophageal temperature after exercise,knee extension,post-exercise,rapid initial decrease then sustained +0.3 elevation,degC,7 subjects,kenny2003,PMID12598487,abstract,"NOT pull-up-specific; transferred; core temp's rapid drop is a DIFFERENT (faster) kinetic than the muscle's own slow decay -- do not use core-temperature intuition for how fast a muscle should visually cool"
model correlating skin/near-muscle proxy temperature to true muscle temperature,cycling (60% max HR),during rest/exercise/recovery,r=0.804 (model group) / r=0.644 (cross-validation group),r,26 healthy males; non-invasive INDISK probe vs intramuscular reference,flouris2015,PMID26012697,abstract,"NOT pull-up-specific; transferred; secondary/methods paper, confirms muscle temperature during POST-exercise recovery changes slowly enough that a 4-minutes-prior reading is still a strong predictor of the current reading -- consistent with Kenny 2003's slow-decay finding"
performance change per 1degC muscle temperature change (short-duration exercise),"general (review, mixed exercise types)",acute,2 to 5,% performance change per degC,narrative review,racinaisoksa2010,PMID21029186,abstract,"NOT pull-up-specific; transferred; background/context only -- this is a PERFORMANCE-vs-temperature relationship, not a temperature DECAY RATE; do not use this % as a decay-rate number"
forearm blood flow sufficiency at low-intensity isometric contraction,handgrip,during sustained/intermittent contraction,insufficient even at 10% MVC,categorical,subjects performing 10/25/40% MVC intermittent handgrip,bystromkilbom1990,PMID2390985,abstract,"NOT pull-up-specific; transferred; MECHANISM evidence for the grip item -- forearm blood flow is already inadequate at very low relative grip force, i.e. occlusion-driven fatigue is not a high-intensity-only phenomenon"
threshold at which relaxation-phase blood flow reaches its ceiling,"handgrip (intermittent, 10+10 / 10+5 / 10+2s contract+relax cycles)",during relaxation phases,25,%MVC,same protocol as above,bystromkilbom1990,PMID2390985,abstract,"NOT pull-up-specific; transferred; above ~25%MVC, giving the muscle MORE relaxation time between contractions stops helping, because forearm blood flow during relaxation is already maxed out at (25-30 ml/min/100ml) -- directly relevant since a pull-up's grip is almost certainly >>25%MVC (bodyweight-supporting), so brief releases between reps cannot fully reperfuse the forearm"
low-frequency fatigue persistence after handgrip protocols,handgrip,post-protocol,persisted >=24h (continuous 25%MVC to exhaustion) vs ~1h (intermittent 25%MVC 10+2s to exhaustion),hours,forearm extensor electrical-stimulation test,bystromkilbom1991,PMID1874244,abstract,"NOT pull-up-specific; transferred; even brief (2s) relaxation between grip efforts hugely shortens how long low-frequency fatigue persists afterward, compared to one continuous contraction of the same total duration -- supports modelling the pull-up's brief inter-rep releases as PARTIALLY, not fully, protective"
relative grip endurance vs anthropometry,handgrip (single rep / 10-rep / 30s static hold),30s static hold,no association,categorical,51 subjects age 18-33; 3 protocols,nicolaywalker2005,DOI10.1016/j.ergon.2005.01.007,secondary WebSearch summary (no primary abstract obtained -- closed access),"NOT pull-up-specific; transferred; NO literal %-force-decline number recoverable this session (closed access, bot-walled abstract page); qualitative only -- dominant hand stronger but fatigues MORE, consistent with a stronger muscle self-occluding more severely at a similar/higher %MVC"
