tissue,measure,rest_value,exercise_value,unit,source,note
skeletal muscle (femoral/quadriceps),limb blood flow,0.3,6-10,L/min,Saltin et al 1998 review PMID 9578388,"dynamic knee-extensor exercise, linear with power output (Q = 1.94 + 0.07*load); ~100-fold rest-to-peak elevation"
skeletal muscle (quadriceps),per-mass blood flow,~2-5 (typical resting skeletal muscle, compiled),142-150 (submaximal dynamic knee extension); up to 385+-26 (peak/incremented protocol),ml/100g/min,"Saltin et al 1998 PMID 9578388 (rest per-mass not explicit in abstract, ESTIMATE for rest); Andersen & Saltin-lineage knee-extensor studies (peak value found via secondary web search, primary PMID not re-confirmed this session)",rest per-mass value is ESTIMATE/compiled from general skeletal-muscle-perfusion literature, not the same primary source as the exercise numbers
skeletal muscle blood flow,onset dynamics,-,"T1/2 = 2-10 s (muscle pump drives first rise); steady state reached within ~10-150 s",s,Saltin et al 1998 review PMID 9578388,onset speed scales with power output
skeletal muscle blood flow,immediate hyperemia,-,"substantial rise in first 0-5 s; rapid vasodilation detectable within ~2 s, muscle pump contributes via venous pressure lowering",s,Tschakovsky & Sheriff 2004 PMID 15247202,"mini-review; mechanism split between muscle pump and an undetermined rapid vasodilator signal (candidates: K+, adenosine, mechanical)"
forearm (mixed skin+muscle),total blood flow during prolonged leg exercise,baseline,+8.26 (average increase over 55-60 min),ml/100ml/min,secondary web-search summary of Johnson & Rowell 1975-lineage forearm study (title: "Forearm skin and muscle vascular responses to prolonged leg exercise", PMID 1213973 is the closest PubMed match found this session - verify author/year match before citing precisely),ESTIMATE - PMID association not independently re-confirmed by reading the fetched abstract text (search summary only)
forearm muscle (isolated from skin by the same study lineage),blood flow at exercise onset,3.84,2.13 (initial fall, sustained/further fall through exercise),ml/100ml/min,"same source as row above, PMID 1213973 candidate",ESTIMATE - same caveat; illustrates that the forearm's total blood-flow rise during leg exercise is a skin phenomenon, not a muscle one (the exercising muscle is the legs, not the forearm, in this protocol)
skin (forearm),vascular conductance (CVC = LDF/MAP),100% baseline,"significant reduction within the 1st minute of two-leg dynamic exercise at higher load; CVC fell ~22% during high-intensity exercise under a related control condition (from a separate cardiovascular-hot-skin study, not the same paper - flag before combining)",% of baseline / arbitrary LDF units,Taylor Johnson & Kosiba 1990 PMID 2246162,"reduction correlated with external (absolute) work load r=0.75; isometric exercise and small-muscle-group dynamic exercise did NOT significantly reduce CVC; relative work load (%capacity) had no identifiable role in the CVC response"
skin,active vasodilation onset - internal temperature threshold,36.95 +/- 0.06-0.07 C (rest),37.20-37.23 +/- 0.04-0.05 C (exercise),degrees C (internal/esophageal-type),Kellogg Johnson & Kosiba 1991 PMID 1778949,"threshold raised ~0.25-0.28 C by dynamic exercise vs passive heat stress at the same site, whether or not local adrenergic vasoconstrictor control was pharmacologically blocked (bretylium) - i.e. the shift is via delayed activation of the active (cholinergic) vasodilator system, not extra vasoconstrictor tone"
skin,active vasodilation onset - dependence on load,-,"onset of the CVC rise seen only in the higher (28C ambient) condition at LIGHT (20%VO2peak) exercise; seen across 20/24/28C ambient at MODERATE (50%VO2peak) exercise",-,Demachi et al 2013 PMID 22960747,"onset driven more by internal/deep-tissue temperature than by mean skin temperature, especially at higher relative intensity"
skin,active cutaneous vasodilator system character,-,"no resting tone; activates only once body temperature rises (heat exposure or exercise); mediated by cholinergic co-transmission (nitric oxide, VIP, prostaglandins, substance P candidates, no single confirmed sole mediator)",-,Charkoudian 2010 review PMID 20448028,contrasts with the tonically-active noradrenergic vasoconstrictor system that dominates at rest in thermoneutral/cool conditions
