source,quantity,value,unit,population,method,note
Nakagata Yamada & Naito 2022 (PMID 32379233),energy cost per push-up repetition,0.77,kcal/rep (95% CI 0.66-0.88; SD 0.20),15 men 21-29y,"indirect calorimetry, multistage frequency test (1-6 reps/min), linear regression slope",DIRECTLY MEASURED -- the strongest evidence in this archive; not a consensus MET rating
Nakagata Yamada & Naito 2022,extrapolated energy expenditure at 10 reps/min - push-up,9.2 (SD 2.1),kcal/min,as above,linear regression extrapolation,"= 7.8 METs; confirmed by this paper's own Table 3 direct 6-reps/min measurement (4.7 METs, highest of 3 exercises)"
Nakagata Yamada & Naito 2022,extrapolated energy expenditure at 10 reps/min - squat,6.3 (SD 1.4),kcal/min,as above,linear regression extrapolation,= 5.4 METs (comparison exercise)
Nakagata Yamada & Naito 2022,extrapolated energy expenditure at 10 reps/min - heel-raise,2.7 (SD 0.5),kcal/min,as above,linear regression extrapolation,= 2.3 METs (comparison exercise; lowest cost of the 3)
Compendium of Physical Activities 2024 (code 02020),Calisthenics (pushups/situps/pullups/jumping jacks/burpees/battling ropes) - vigorous effort,7.5,METs,general adult population,consensus expert rating (not direct calorimetry),"reused/cross-referenced from references/pullup-science/03-norms-and-energy.md section 5.1, not re-fetched this session; within 4% of Nakagata's directly measured 7.8 METs at 10 reps/min -- unusually good agreement"
Compendium of Physical Activities 2024 (code 02022),Calisthenics (pushups/situps/pullups/lunges) - moderate effort,3.8,METs,general adult population,consensus expert rating,"reused/cross-referenced from the pull-up archive, not re-fetched this session"
Compendium of Physical Activities 2024 (code 02056),Bodyweight resistance exercise - general intensity,3.0,METs,general adult population,consensus expert rating,reused/cross-referenced from the pull-up archive
Compendium of Physical Activities 2024 (code 02057),Bodyweight resistance exercise - high intensity,6.5,METs,general adult population,consensus expert rating,reused/cross-referenced from the pull-up archive
"Compendium predecessor code (2011-era, superseded)",Calisthenics vigorous (pull-ups/push-ups) - code 02050,8.0,METs,general adult population,consensus expert rating,"superseded by 2024's 02020 (7.5 METs); noted in the pull-up archive as still circulating in some secondary summaries -- use 7.5, not 8.0"
