study,pmid,n,variant,quantity,value,unit,phase,notes,source_file
Gouvali & Boudolos 2005,15705025,8 men,standard,initial load relative to body weight,66.4,%BW,static/initial,force plate + EMG (triceps/pectoralis major),abstracts/gouvaliboudolos2005-pmid15705025.txt
Gouvali & Boudolos 2005,15705025,8 men,knees (modified),initial load relative to body weight,52.9,%BW,static/initial,force plate,abstracts/gouvaliboudolos2005-pmid15705025.txt
Ebben et al. 2011 (secondary via Adams 2022),21873902,23 (14M/9F),standard,peak GRF,64,%BW,dynamic (not specified top/bottom),"number not in Ebben's own abstract, cited secondhand by Adams 2022; no gender/height effect except hands-elevated-60.96cm condition",papers/adams2022-pushup-scale-females-extract.txt
Ebben et al. 2011 (secondary via Adams 2022),21873902,23 (14M/9F),knees (modified),peak GRF,49,%BW,dynamic (not specified top/bottom),"18% lower than standard per the same secondary citation",papers/adams2022-pushup-scale-females-extract.txt
Ebben et al. 2011,21873902,23 (14M/9F),feet elevated 30.48/60.96cm,peak GRF,higher than all other variants,qualitative,dynamic,"abstract gives ranking only, no absolute number",abstracts/ebben2011-pmid21873902.txt
Ebben et al. 2011,21873902,23 (14M/9F),hands elevated 30.48/60.96cm,peak GRF,lower than all other variants,qualitative,dynamic,abstract gives ranking only,abstracts/ebben2011-pmid21873902.txt
Suprak et al. 2011 (secondary via Adams 2022),20179649,28 highly strength-trained men,modified (knee),%BM increase up-to-down,8.24,percentage points,static hold up vs down,not in Suprak's own abstract,papers/adams2022-pushup-scale-females-extract.txt
Suprak et al. 2011 (secondary via Adams 2022),20179649,28 highly strength-trained men,standard,%BM increase up-to-down,5.88,percentage points,static hold up vs down,not in Suprak's own abstract,papers/adams2022-pushup-scale-females-extract.txt
Eckel et al. 2017,not PubMed-indexed (DOI 10.1177/1747954117733879),16 men,standard,%BM supported - UP position,71.95,%BM (SD 3.09),static hold - top,isometric hold on force plate; elbows locked/triceps perpendicular to floor,papers/eckel2017-pushup-benchpress-failure-extract.txt
Eckel et al. 2017,not PubMed-indexed,16 men,standard,%BM supported - DOWN position,76.70,%BM (SD 2.56),static hold - bottom,triceps parallel to floor (device-cued),papers/eckel2017-pushup-benchpress-failure-extract.txt
Eckel et al. 2017,not PubMed-indexed,9 women,standard,%BM supported - UP position,66.26,%BM (SD 2.63),static hold - top,isometric hold on force plate,papers/eckel2017-pushup-benchpress-failure-extract.txt
Eckel et al. 2017,not PubMed-indexed,9 women,standard,%BM supported - DOWN position,73.14,%BM (SD 3.14),static hold - bottom,isometric hold on force plate,papers/eckel2017-pushup-benchpress-failure-extract.txt
Eckel et al. 2017,not PubMed-indexed,16 men,standard,%BM supported - average (up+down),74.33,%BM (SD 2.57),static average,used to set the equated-load for the reps-to-failure trials,papers/eckel2017-pushup-benchpress-failure-extract.txt
Eckel et al. 2017,not PubMed-indexed,9 women,standard,%BM supported - average (up+down),69.70,%BM (SD 2.63),static average,used to set the equated-load for the reps-to-failure trials,papers/eckel2017-pushup-benchpress-failure-extract.txt
Mier et al. 2014 (secondary; PRIMARY NOT OBTAINED),not PubMed-indexed,37 M+F,standard,maximal relative load - men,97.7,%BW (SD 8.1),dynamic maximal,"flagged inconsistent with all other studies in this table; methodology likely differs (max dynamic vs static/initial) -- see papers/mier2014-CITATION-ONLY.txt",papers/mier2014-CITATION-ONLY.txt
Mier et al. 2014 (secondary; PRIMARY NOT OBTAINED),not PubMed-indexed,37 M+F,standard,maximal relative load - women,80.0,%BW (SD 3.9),dynamic maximal,see caution note above,papers/mier2014-CITATION-ONLY.txt
Mier et al. 2014 (secondary; PRIMARY NOT OBTAINED),not PubMed-indexed,37 M+F,modified (knee),maximal relative load - men,79.7,%BW (SD 7.4),dynamic maximal,see caution note above,papers/mier2014-CITATION-ONLY.txt
Mier et al. 2014 (secondary; PRIMARY NOT OBTAINED),not PubMed-indexed,37 M+F,modified (knee),maximal relative load - women,68.2,%BW (SD 3.0),dynamic maximal,see caution note above,papers/mier2014-CITATION-ONLY.txt
Rozenek et al. 2022,34265814,44 (M+F),standard,sum vGRF (hands+feet) at 60 reps/min - men,1.58,x bodyweight (SD 0.14),dynamic - fast cadence,"total closed-kinetic-chain force including acceleration term; exceeds 1x BW because of dynamic/inertial component at fast cadence",abstracts/rozenek2022-pmid34265814.txt
Rozenek et al. 2022,34265814,44 (M+F),standard,sum vGRF (hands+feet) at 60 reps/min - women,1.33,x bodyweight (SD 0.08),dynamic - fast cadence,same as above,abstracts/rozenek2022-pmid34265814.txt
Rozenek et al. 2022,34265814,44 (M+F),standard,self-selected cadence - men,49.9,reps/min (SD 11.4),dynamic,fastest self-selected pace produced near-maximal rep counts (similar to fixed 60/min),abstracts/rozenek2022-pmid34265814.txt
Rozenek et al. 2022,34265814,44 (M+F),standard,self-selected cadence - women,42.8,reps/min (SD 8.4),dynamic,women self-selected a slower cadence than men (p<=.05),abstracts/rozenek2022-pmid34265814.txt
Wang et al. 2017b,28118312,60 men,ballistic push-up (no external load / T1),peak force,960,N (SD 188),dynamic - concentric propulsive,body mass 80.8+/-13.5kg; peak force lowest at T1 but peak POWER highest at T1,abstracts/wang2017b-pmid28118312.txt
Wang et al. 2017b,28118312,60 men,ballistic push-up (+10%BM vest / T2),peak force,1017,N (SD 202),dynamic - concentric propulsive,,abstracts/wang2017b-pmid28118312.txt
Wang et al. 2017b,28118312,60 men,ballistic push-up (+20%BM vest / T3),peak force,1062,N (SD 202),dynamic - concentric propulsive,highest peak force of the 3 loads but lowest peak power,abstracts/wang2017b-pmid28118312.txt
Wang et al. 2017b,28118312,60 men,ballistic push-up (T1),mean force,792,N (SD 140),dynamic - concentric propulsive,,abstracts/wang2017b-pmid28118312.txt
Wang et al. 2017b,28118312,60 men,ballistic push-up (T2),mean force,842,N (SD 151),dynamic - concentric propulsive,,abstracts/wang2017b-pmid28118312.txt
Wang et al. 2017b,28118312,60 men,ballistic push-up (T3),mean force,901,N (SD 154),dynamic - concentric propulsive,,abstracts/wang2017b-pmid28118312.txt
Wang et al. 2017b,28118312,60 men,ballistic push-up (T1),peak power,950,W (SD 257),dynamic - concentric propulsive,maximal power achieved WITHOUT external load,abstracts/wang2017b-pmid28118312.txt
Wang et al. 2017b,28118312,60 men,ballistic push-up (T3),peak power,814,W (SD 275),dynamic - concentric propulsive,power decreases as load increases despite force increasing,abstracts/wang2017b-pmid28118312.txt
Sha & Dai 2021,34462003,34 physically active adults,plyometric push-up,whole-body velocity (2-force-plate reference method),0.90,m/s (SD 0.23),dynamic - propulsive,"1-force-plate method overestimates: 1.39+/-0.37 m/s (Cohen's d=1.59)",abstracts/shadai2021-pmid34462003.txt
Sha & Dai 2021,34462003,34 physically active adults,plyometric push-up,whole-body power (2-force-plate reference method),1.03,W/bodyweight (SD 0.29),dynamic - propulsive,"1-force-plate method overestimates: 1.63+/-0.47 W/BW (Cohen's d=1.49)",abstracts/shadai2021-pmid34462003.txt
Moore et al. 2012,27182390,21 men,box-drop 3.8cm (BD1),peak landing vGRF,0.69,x bodyweight (SD 0.11),landing/impact,dominant-hand force plate,papers/moore2012-plyometric-pushup-kinematics-extract.txt
Moore et al. 2012,27182390,21 men,box-drop 7.6cm (BD2),peak landing vGRF,0.71,x bodyweight (SD 0.12),landing/impact,,papers/moore2012-plyometric-pushup-kinematics-extract.txt
Moore et al. 2012,27182390,21 men,box-drop 11.4cm (BD3),peak landing vGRF,0.71,x bodyweight (SD 0.12),landing/impact,,papers/moore2012-plyometric-pushup-kinematics-extract.txt
Moore et al. 2012,27182390,21 men,clap push-up (CPU),peak landing vGRF,0.78,x bodyweight (SD 0.15),landing/impact,significantly greater than all 3 box-drop heights; most intense variant tested,papers/moore2012-plyometric-pushup-kinematics-extract.txt
Moore et al. 2012,27182390,21 men,box-drop 3.8cm (BD1),elbow flexion at ground contact,-27.03,degrees (SD 8.92),landing/impact,negative = flexed from full extension,papers/moore2012-plyometric-pushup-kinematics-extract.txt
Moore et al. 2012,27182390,21 men,clap push-up (CPU),elbow flexion at ground contact,-29.91,degrees (SD 9.40),landing/impact,significantly more flexed than BD2/BD3,papers/moore2012-plyometric-pushup-kinematics-extract.txt
Moore et al. 2012,27182390,21 men,clap push-up (CPU),elbow flexion displacement,-20.79,degrees (SD 7.77),landing/impact,significantly greater eccentric control demand than all box-drop conditions,papers/moore2012-plyometric-pushup-kinematics-extract.txt
Donkers An Chao & Morrey 1993,8514808,9 healthy men,standard (\"normal\" hand position),peak elbow axial (forearm-long-axis) force,45,%BW,dynamic (not top/bottom-specified),"electromagnetic motion sensors + piezoelectric force plate; significantly lower for 'apart'/'superior' hand positions",abstracts/donkers1993-pmid8514808.txt
Donkers An Chao & Morrey 1993,8514808,9 healthy men,standard,peak elbow flexion torque,2305.9,N-cm,dynamic,= 56% of MVIC elbow-extensor torque; 29%/71% of MVIC for 'apart'/'together' hand positions,abstracts/donkers1993-pmid8514808.txt
Donkers An Chao & Morrey 1993,8514808,9 healthy men,standard,forearm pronation torque (max),315.4,N-cm,dynamic,= 35% of MVIC forearm-supinator torque,abstracts/donkers1993-pmid8514808.txt
Donkers An Chao & Morrey 1993,8514808,9 healthy men,standard,peak elbow valgus torque,1241,N-cm,dynamic,opposed by medial (ulnar) collateral ligament,abstracts/donkers1993-pmid8514808.txt
Donkers An Chao & Morrey 1993,8514808,9 healthy men,one-handed push-up (simulated fall),peak elbow valgus torque increase,+42,% increase over two-handed,dynamic,simulated-fall loading condition,abstracts/donkers1993-pmid8514808.txt
An Chao Morrey & Donkers 1992 (companion paper),1643232,9 healthy men,standard,peak elbow axial force,45,%BW,dynamic,duplicate of donkers1993 core numbers (same Mayo Clinic dataset),abstracts/an1992-pmid1643232.txt
Nakagata et al. 2022,32379233,15 men,standard - slow tempo (1-6 reps/min protocol),measured MET at 6 reps/min,4.7,METs (SD 0.8),dynamic - measured (indirect calorimetry),"directly measured, not extrapolated -- highest of the 3 exercises tested (squat/heel-raise) at every matched frequency",papers/nakagata2022-energy-cost-bwre-extract.txt
Dhahbi 2026 (pendulum model),42072239,analytical/simulation (no human subjects),plyometric (clap/box-drop),free-fall-model flight-time overestimation vs pendulum model,up to 18.82,% overestimate,flight phase,"peaks at short pendulum-arm length (L_OW=0.50m) and high initial hand velocity (2.5 m/s); grows nonlinearly",papers/dhahbi2026-pendulum-model-pushup-extract.txt
Dhahbi 2026 (pendulum model),42072239,analytical/simulation,plyometric (clap/box-drop),free-fall-model max-height overestimation vs pendulum model,up to 28.43,% overestimate,flight phase,,papers/dhahbi2026-pendulum-model-pushup-extract.txt
van den Tillaar & Ball 2020,32774533,20 resistance-trained men,standard + 0/10/20/30kg vest,%BM supported (0kg vest),62.6,%BM (SD 4.3),dynamic,matched mean velocity 0.86+/-0.19 m/s at this load,papers/vandentillaar2020-pushup-predicts-bench-1rm-extract.txt
van den Tillaar & Ball 2020,32774533,20 resistance-trained men,standard +30kg vest,%BM supported (30kg vest),65.1,%BM (SD 3.4),dynamic,matched mean velocity 0.43+/-0.15 m/s at this load,papers/vandentillaar2020-pushup-predicts-bench-1rm-extract.txt
van den Tillaar & Ball 2020,32774533,20 resistance-trained men,standard (no vest),mean concentric velocity,0.86,m/s (SD 0.19),dynamic - concentric,,papers/vandentillaar2020-pushup-predicts-bench-1rm-extract.txt
van den Tillaar & Ball 2020,32774533,20 resistance-trained men,standard +30kg vest,mean concentric velocity,0.43,m/s (SD 0.15),dynamic - concentric,,papers/vandentillaar2020-pushup-predicts-bench-1rm-extract.txt
van den Tillaar Falch & Larsen 2025,40489404,11 resistance-trained men,standard +vest (actual 1RM test),push-up 1RM (vest-equivalent),112.4,kg (SD 18.9),dynamic - maximal,significantly HIGHER than these same subjects' actual bench-press 1RM (106.4+/-20.4kg); cross-exercise r=.92,abstracts/vandentillaar2025-pmid40489404.txt
Wang et al. 2017a,28166187,60 recreationally active men,ballistic push-up,1RM bench-press prediction equation R,0.837,dimensionless (R),dynamic,"1RM(kg) = 0.31 x MeanForce - 1.64 x BodyMass + 0.70, SEE=11kg",abstracts/wang2017a-pmid28166187.txt
Bartolomei et al. 2018,29528954,28 resistance-trained men,ballistic push-up,predicted-vs-actual 1RM bench correlation,0.87,r (very large),dynamic,mean force + body mass used to predict 1RM,abstracts/bartolomei2018-pmid29528954.txt
Clemons 2019 (Hinshaw-2018 substitute -- see note),30363033,31 college men,standard vs hand-release push-up,1RM bench prediction equation R,0.791,dimensionless (R),dynamic,"1RM(kg)=48.675+0.8832xBM+1.318x(#STPU)-157.82x(PU distance,m); push-up raw score correlated with RELATIVE (r=.71) but not absolute 1RM strength",abstracts/clemons2019-pmid30363033.txt
Task brief's expected sources NOT located this session,,,,,,,,"Suprak & Dawes 2013 (a *different* 2013 GRF/hand-position paper than suprak2013-pmid23952043, which is a scapular-kinematics paper) -- searched several term combos, only the scapular-kinematics paper found; Contreras 2012 -- no PubMed record found under any search tried; Chou et al. 2011 (J Athl Train, shoulder joint loads in push-up) -- only a 2001 Chou paper on elbow-flexion-during-a-fall was found (different topic, different Chou), not a push-up shoulder-joint-load paper; Lou et al. 2001 (Am J Phys Med Rehabil, elbow load) -- 0 PubMed hits under Lou+elbow+push-up; Hinshaw 2018 push-up/bench-press 1RM prediction -- 0 PubMed hits, Clemons 2019 used as the closest substitute (see row above); Bartolomei 2022 push-up load-velocity -- 0 hits, Bartolomei 2018 (ballistic push-up, row above) is the real Bartolomei push-up paper found this session; Dhahbi 2018 load-velocity -- Dhahbi's 2018 paper found this session is the *systematic review* (dhahbi2018review-pmid30284496), not a load-velocity primary study.",NOT FOUND (see notes column)
