study,year,pmid,n,population,exercise,variant,hand_width,muscle,phase,value,unit,normalisation,notes,source_file
Youdas et al.,2010,20664364,20 (11M 9F),healthy adults,push-up,standard (conventional hand-on-floor),shoulder width / wide / narrow (pooled range),triceps brachii,whole rep,73-109,percent_MVIC,MVIC,Range across 3 hand positions and standard vs Perfect Pushup handgrip conditions; narrow base most effective for triceps,abstracts/youdas2010-pmid20664364.txt
Youdas et al.,2010,20664364,20 (11M 9F),healthy adults,push-up,standard,shoulder width / wide / narrow (pooled range),pectoralis major,whole rep,95-105,percent_MVIC,MVIC,Range across hand positions and conditions,abstracts/youdas2010-pmid20664364.txt
Youdas et al.,2010,20664364,20 (11M 9F),healthy adults,push-up,standard,shoulder width / wide / narrow (pooled range),serratus anterior,whole rep,67-87,percent_MVIC,MVIC,Range across hand positions and conditions,abstracts/youdas2010-pmid20664364.txt
Youdas et al.,2010,20664364,20 (11M 9F),healthy adults,push-up,standard,shoulder width / wide / narrow (pooled range),posterior deltoid,whole rep,11-21,percent_MVIC,MVIC,Lowest-activated of the 4 muscles measured; narrow base most effective for posterior deltoid,abstracts/youdas2010-pmid20664364.txt
Cogley et al.,2005,16095413,40 (11M 29F),healthy adults,push-up,shoulder width / wide / narrow,shoulder width / wide / narrow,pectoralis major,whole rep,"narrow > wide, P<0.05, no % in abstract",direction_only,MVIC (surface EMG),Direction/significance only; abstract has no numeric %MVIC. See Kowalski et al. 2022 Table 1 for a secondary-cited number.,abstracts/cogley2005-pmid16095413.txt
Cogley et al.,2005,16095413,40 (11M 29F),healthy adults,push-up,shoulder width / wide / narrow,shoulder width / wide / narrow,triceps brachii,whole rep,"narrow > wide, P<0.05, no % in abstract",direction_only,MVIC (surface EMG),Direction/significance only,abstracts/cogley2005-pmid16095413.txt
Cogley et al. (via Kowalski et al. 2022),2005,16095413,40 (11M 29F),healthy adults,push-up,standard,shoulder width,triceps brachii,whole rep,101.3,percent_MVIC,MVIC,"SD 85.4 (very large, flagged). Secondary citation: value taken from Kowalski et al. 2022 Table 1, not independently verified against Cogley's own tables (paywalled).",papers/kowalski2022-table1.txt
Gouvali & Boudolos,2005,15705025,8 men,healthy men,push-up,normal/abducted/adducted/posterior/anterior/on-knees,not stated (variant = hand fore-aft/ab-adduction position),pectoralis major,whole rep,"posterior variant > normal; on-knees < normal, P<0.05, no % in abstract",direction_only,surface EMG (normalisation method not stated in abstract),6 push-up variants; only direction reported in abstract,abstracts/gouvaliboudolos2005-pmid15705025.txt
Gouvali & Boudolos,2005,15705025,8 men,healthy men,push-up,normal/abducted/adducted/posterior/anterior/on-knees,not stated,triceps brachii,whole rep,"posterior variant < normal; on-knees < normal, P<0.05, no % in abstract",direction_only,surface EMG,6 push-up variants; only direction reported in abstract,abstracts/gouvaliboudolos2005-pmid15705025.txt
Gouvali & Boudolos,2005,15705025,8 men,healthy men,push-up,normal (standard),shoulder width,whole-body (ground reaction force),"whole rep, top position",66.4,percent_bodyweight,"N/A (kinetics, not EMG)",Initial load on hands at top of standard push-up; on-knees variant = 52.9% BW,abstracts/gouvaliboudolos2005-pmid15705025.txt
Marcolin et al.,2015,26488636,8,healthy young resistance-trained volunteers,push-up,standard/wide/narrow/forward/backward,shoulder width / wide / narrow (+ forward/backward foot-hand offset),"triceps brachii, pectoralis major",ascendant (concentric),"greater activation in narrow-base variant, no % recoverable (figure only)",direction_only,"not stated explicitly in extractable text; EMG rectified/integrated/smoothed, not %MVIC per WebFetch re-check","12 muscles measured total (SA, ant. deltoid, erector spinae, lat dorsi, RA, TB long+lateral head, EO, PM sternal+clavicular, mid trapezius, biceps); only Figure 1 has the numbers, not extractable as text","papers/marcolin2015.pdf (fetch failed, PMC rate-limited/PoW-gated; abstract + WebFetch re-check only)"
Marcolin et al.,2015,26488636,8,healthy young resistance-trained volunteers,push-up,all 5 variants pooled,all,all 12 muscles,descendant (eccentric),"least electrical activity of all muscles in the descendant phase vs ascendant, no % recoverable",direction_only,as above,"Key phase-direction finding: DP (eccentric/lowering) is the low point for every one of the 12 muscles measured, mirroring Dickie 2017's pull-up finding",papers/marcolin2015.pdf
Marcolin et al.,2015,26488636,8,healthy young resistance-trained volunteers,push-up,forward / backward (foot-hand offset),n/a,"rectus abdominis, external oblique, erector spinae",whole rep,"highest of all 5 variants, no % recoverable",direction_only,as above,FP/BP variants recommended with caution for low-back-pain history because of this,papers/marcolin2015.pdf
Batbayar et al.,2015,26357442,9 men,healthy men,push-up plus,shoulder width (SW),shoulder width,upper trapezius,whole rep (push-up + plus phase pooled),6.5 (3.3),percent_MVC mean(SD),MVC,"Shoulder-width baseline row of a 7-hand-width comparison (SW, ±10/20/30% narrower and wider)",papers/batbayar2015-extract.txt
Batbayar et al.,2015,26357442,9 men,healthy men,push-up plus,shoulder width (SW),shoulder width,middle trapezius,whole rep (push-up + plus phase pooled),7.6 (7.9),percent_MVC mean(SD),MVC,"Shoulder-width baseline row of a 7-hand-width comparison (SW, ±10/20/30% narrower and wider)",papers/batbayar2015-extract.txt
Batbayar et al.,2015,26357442,9 men,healthy men,push-up plus,shoulder width (SW),shoulder width,lower trapezius,whole rep (push-up + plus phase pooled),3.5 (1.5),percent_MVC mean(SD),MVC,"Shoulder-width baseline row of a 7-hand-width comparison (SW, ±10/20/30% narrower and wider)",papers/batbayar2015-extract.txt
Batbayar et al.,2015,26357442,9 men,healthy men,push-up plus,shoulder width (SW),shoulder width,pectoralis major,whole rep (push-up + plus phase pooled),13.3 (9.8),percent_MVC mean(SD),MVC,"Shoulder-width baseline row of a 7-hand-width comparison (SW, ±10/20/30% narrower and wider)",papers/batbayar2015-extract.txt
Batbayar et al.,2015,26357442,9 men,healthy men,push-up plus,shoulder width (SW),shoulder width,serratus anterior,whole rep (push-up + plus phase pooled),90.9 (40.5),percent_MVC mean(SD),MVC,"Shoulder-width baseline row of a 7-hand-width comparison (SW, ±10/20/30% narrower and wider)",papers/batbayar2015-extract.txt
Batbayar et al.,2015,26357442,9 men,healthy men,push-up plus,shoulder width (SW),shoulder width,latissimus dorsi,whole rep (push-up + plus phase pooled),16.6 (12.1),percent_MVC mean(SD),MVC,"Shoulder-width baseline row of a 7-hand-width comparison (SW, ±10/20/30% narrower and wider)",papers/batbayar2015-extract.txt
Batbayar et al.,2015,26357442,9 men,healthy men,push-up plus,shoulder width (SW),shoulder width,anterior deltoid,whole rep (push-up + plus phase pooled),52.0 (21.1),percent_MVC mean(SD),MVC,"Shoulder-width baseline row of a 7-hand-width comparison (SW, ±10/20/30% narrower and wider)",papers/batbayar2015-extract.txt
Batbayar et al.,2015,26357442,9 men,healthy men,push-up plus,shoulder width (SW),shoulder width,triceps brachii,whole rep (push-up + plus phase pooled),48.1 (16.2),percent_MVC mean(SD),MVC,"Shoulder-width baseline row of a 7-hand-width comparison (SW, ±10/20/30% narrower and wider)",papers/batbayar2015-extract.txt
Batbayar et al.,2015,26357442,9 men,healthy men,push-up plus,30% narrower than shoulder width,30% NSW,serratus anterior,whole rep,80.7 (32.1),percent_MVC mean(SD),MVC,"Significant decrease vs SW baseline, P=0.03 (*)",papers/batbayar2015-extract.txt
Batbayar et al.,2015,26357442,9 men,healthy men,push-up plus,20% wider than shoulder width,20% WSW,latissimus dorsi,whole rep,13.0 (7.4),percent_MVC mean(SD),MVC,"Significant decrease vs SW baseline, P=0.04 (*)",papers/batbayar2015-extract.txt
Gioftsos et al. (J Phys Ther Sci 2016),2016,27512278,13 men,healthy men,push-up plus,"3 hand positions (P1/P2/P3), stable & unstable surface, pooled",P1/P2/P3,upper trapezius,push-up phase (Pu),30.2 (13.6),percent_MVIC mean(SD),MVIC,Pu phase significantly > P (plus) phase; also P1 significantly < P2 for hand position,papers/gioftsos2016-extract.txt
Gioftsos et al. (J Phys Ther Sci 2016),2016,27512278,13 men,healthy men,push-up plus,3 hand positions pooled,P1/P2/P3,upper trapezius,plus phase (P),24.1 (8.5),percent_MVIC mean(SD),MVIC,Significantly lower than Pu phase,papers/gioftsos2016-extract.txt
Gioftsos et al. (J Phys Ther Sci 2016),2016,27512278,13 men,healthy men,push-up plus,3 hand positions pooled,P1/P2/P3,lower trapezius,push-up phase (Pu),9.8 (11.1),percent_MVIC mean(SD),MVIC,"Pu phase significantly > P (plus) phase, same pattern as UT",papers/gioftsos2016-extract.txt
Gioftsos et al. (J Phys Ther Sci 2016),2016,27512278,13 men,healthy men,push-up plus,3 hand positions pooled,P1/P2/P3,lower trapezius,plus phase (P),4.1 (3.8),percent_MVIC mean(SD),MVIC,Significantly lower than Pu phase,papers/gioftsos2016-extract.txt
Gioftsos et al. (J Phys Ther Sci 2016),2016,27512278,13 men,healthy men,push-up plus,3 hand positions pooled,P1/P2/P3,serratus anterior,push-up phase (Pu),49.2 (17.9),percent_MVIC mean(SD),MVIC,Opposite pattern to UT/LT: SA significantly LOWER in Pu phase than P (plus) phase,papers/gioftsos2016-extract.txt
Gioftsos et al. (J Phys Ther Sci 2016),2016,27512278,13 men,healthy men,push-up plus,3 hand positions pooled,P1/P2/P3,serratus anterior,plus phase (P),75.9 (16.1),percent_MVIC mean(SD),MVIC,"Significantly higher than Pu phase, P<0.001, F=72.9 -- the strongest phase effect of any muscle in this dataset",papers/gioftsos2016-extract.txt
Gioftsos et al. (J Phys Ther Sci 2016),2016,27512278,13 men,healthy men,push-up plus,stable vs unstable surface pooled,P1/P2/P3,serratus anterior,whole rep,65.9 (21.8) stable vs 59.9 (17.3) unstable,percent_MVIC mean(SD),MVIC,Stable significantly higher than unstable for this cohort (opposite of what several other studies find -- see caveats),papers/gioftsos2016-extract.txt
Intziegianni et al.,2026,41892990,20 young men,healthy young men,push-up,standard / diamond / wide,standard / diamond (narrow) / wide,triceps brachii vs pectoralis major,concentric (elbow extension) and eccentric (elbow flexion),"TB > PM in all 3 hand positions, P<0.05; order diamond > standard > wide for both muscles","direction_only (normalized to own peak RMS, NOT %MVIC)","peak-RMS-within-condition (task-specific, not MVIC)","IMPORTANT: this study normalises to each muscle's own peak RMS within a push-up, not to a separate MVIC trial -- not directly comparable in magnitude to the %MVIC rows in this file, only in relative ordering/ratio",papers/intziegianni2026-extract.txt
Intziegianni et al.,2026,41892990,20 young men,healthy young men,push-up,standard / diamond / wide pooled,standard / diamond / wide,"triceps brachii, pectoralis major",concentric vs eccentric,RMS(mV): concentric significantly > eccentric for both muscles (P<0.05); normalized-to-peak (%): NO significant phase difference,"mixed: absolute RMS shows phase effect, normalized % does not",peak-RMS-within-condition,Key methodological nuance for the ordering test: whether push-up muscles show a concentric>eccentric pattern depends on whether you look at raw amplitude or effort-normalized amplitude; agrees in direction with Marcolin 2015 on raw activity but shows near-maximal effort sustained through both phases once normalized,papers/intziegianni2026-extract.txt
Snarr & Esco,2013,24511343,21 (15M 6F),apparently healthy adults,push-up,traditional (standard),shoulder width,pectoralis major,whole rep,63.62 (16.4),percent_MVC mean(SD),MVC,"Traditional push-up baseline; suspension push-up significantly higher at 69.54(27.6), P<0.05",abstracts/snarresco2013-pmid24511343.txt
Snarr & Esco,2013,24511343,21 (15M 6F),apparently healthy adults,push-up,traditional (standard),shoulder width,anterior deltoid,whole rep,58.91 (20.3),percent_MVC mean(SD),MVC,"Traditional push-up baseline; suspension significantly higher at 81.13(17.77), P<0.05",abstracts/snarresco2013-pmid24511343.txt
Snarr & Esco,2013,24511343,21 (15M 6F),apparently healthy adults,push-up,traditional (standard),shoulder width,triceps brachii,whole rep,74.32 (16.9),percent_MVC mean(SD),MVC,"Traditional push-up baseline; suspension significantly higher at 105.83(18.54), P<0.05",abstracts/snarresco2013-pmid24511343.txt
Snarr & Esco,2013,24511343,21 (15M 6F),apparently healthy adults,push-up,suspension (TRX-type),shoulder width,pectoralis major,whole rep,69.54 (27.6),percent_MVC mean(SD),MVC,"Significantly higher than traditional, P<0.05",abstracts/snarresco2013-pmid24511343.txt
Snarr & Esco,2013,24511343,21 (15M 6F),apparently healthy adults,push-up,suspension (TRX-type),shoulder width,anterior deltoid,whole rep,81.13 (17.77),percent_MVC mean(SD),MVC,"Significantly higher than traditional, P<0.05",abstracts/snarresco2013-pmid24511343.txt
Snarr & Esco,2013,24511343,21 (15M 6F),apparently healthy adults,push-up,suspension (TRX-type),shoulder width,triceps brachii,whole rep,105.83 (18.54),percent_MVC mean(SD),MVC,"Significantly higher than traditional, P<0.05",abstracts/snarresco2013-pmid24511343.txt
Ludewig et al.,2004,14977678,30,"healthy + mild shoulder dysfunction, pooled (similar pattern in both)",push-up plus,"standard, elbow, knee, wall push-up plus",not stated,serratus anterior,plus phase,up to 123,percent_MVIC,MVIC,"Standard push-up plus produced the HIGHEST serratus activation and LOWEST UT/SA ratio (<0.2) of all variants tested, both groups",abstracts/ludewig2004-pmid14977678.txt
Ludewig et al.,2004,14977678,30,healthy + mild shoulder dysfunction,push-up plus (wall variant),wall push-up plus,not stated,upper trapezius / serratus anterior ratio,plus phase,up to 2.0,ratio,MVIC,Wall push-up plus and other exercise phases show much higher UT/SA ratio (worse for serratus-selective training) than the standard floor push-up plus,abstracts/ludewig2004-pmid14977678.txt
Lehman et al. (Dyn Med),2006,16762080,13 men,college-age men,"push-up (hands on support surface, feet on floor)","standard, hands on bench vs Swiss ball",shoulder width,triceps brachii,whole rep,22.2 (8.8),percent_MVC mean(SD),MVC,"'Bench' condition = hands elevated on a stable bench, NOT hands-on-floor; closest quasi-standard baseline in this paper. Ball condition significantly higher.",papers/lehman2006-extract.txt
Lehman et al. (Dyn Med),2006,16762080,13 men,college-age men,"push-up (hands on support surface, feet on floor)","standard, hands on bench vs Swiss ball",shoulder width,pectoralis major,whole rep,21.4 (11.8),percent_MVC mean(SD),MVC,"'Bench' condition = hands elevated on a stable bench, NOT hands-on-floor; closest quasi-standard baseline in this paper. Ball condition not significantly higher.",papers/lehman2006-extract.txt
Lehman et al. (Dyn Med),2006,16762080,13 men,college-age men,"push-up (hands on support surface, feet on floor)","standard, hands on bench vs Swiss ball",shoulder width,rectus abdominis,whole rep,13.4 (5.4),percent_MVC mean(SD),MVC,"'Bench' condition = hands elevated on a stable bench, NOT hands-on-floor; closest quasi-standard baseline in this paper. Ball condition significantly higher.",papers/lehman2006-extract.txt
Lehman et al. (Dyn Med),2006,16762080,13 men,college-age men,"push-up (hands on support surface, feet on floor)","standard, hands on bench vs Swiss ball",shoulder width,external oblique,whole rep,20.9 (15.6),percent_MVC mean(SD),MVC,"'Bench' condition = hands elevated on a stable bench, NOT hands-on-floor; closest quasi-standard baseline in this paper. Ball condition not significantly higher.",papers/lehman2006-extract.txt
Lehman et al. (Dyn Med),2006,16762080,13 men,college-age men,"push-up (feet on support surface, hands on floor)","standard, feet on bench vs Swiss ball",shoulder width,triceps brachii,whole rep,32.7 (17.5),percent_MVC mean(SD),MVC,"Feet-elevated bench condition; hands are on the floor here, closer to a true standard push-up than the PUHands condition above",papers/lehman2006-extract.txt
Lehman et al. (Dyn Med),2006,16762080,13 men,college-age men,"push-up (feet on support surface, hands on floor)","standard, feet on bench vs Swiss ball",shoulder width,pectoralis major,whole rep,30.4 (9.7),percent_MVC mean(SD),MVC,"Feet-elevated bench condition; hands are on the floor here, closer to a true standard push-up than the PUHands condition above",papers/lehman2006-extract.txt
Lehman et al. (Dyn Med),2006,16762080,13 men,college-age men,"push-up (feet on support surface, hands on floor)","standard, feet on bench vs Swiss ball",shoulder width,rectus abdominis,whole rep,19.2 (6.9),percent_MVC mean(SD),MVC,"Feet-elevated bench condition; hands are on the floor here, closer to a true standard push-up than the PUHands condition above",papers/lehman2006-extract.txt
Lehman et al. (Dyn Med),2006,16762080,13 men,college-age men,"push-up (feet on support surface, hands on floor)","standard, feet on bench vs Swiss ball",shoulder width,external oblique,whole rep,27.79 (13.2),percent_MVC mean(SD),MVC,"Feet-elevated bench condition; hands are on the floor here, closer to a true standard push-up than the PUHands condition above",papers/lehman2006-extract.txt
Lehman et al. (Dyn Med),2006,16762080,13 men,college-age men,push-up plus (hands on support surface),"push-up plus, hands on bench vs Swiss ball",shoulder width,triceps brachii,plus phase,18.7 (10.3),percent_MVC mean(SD),MVC,Push-up plus variant; ball condition significantly higher (P<0.05),papers/lehman2006-extract.txt
Lehman et al. (Dyn Med),2006,16762080,13 men,college-age men,push-up plus (hands on support surface),"push-up plus, hands on bench vs Swiss ball",shoulder width,pectoralis major,plus phase,14 (7.2),percent_MVC mean(SD),MVC,Push-up plus variant; ball condition not significantly different,papers/lehman2006-extract.txt
Lehman et al. (Dyn Med),2006,16762080,13 men,college-age men,push-up plus (hands on support surface),"push-up plus, hands on bench vs Swiss ball",shoulder width,rectus abdominis,plus phase,14.9 (5.5),percent_MVC mean(SD),MVC,Push-up plus variant; ball condition significantly higher (P<0.05),papers/lehman2006-extract.txt
Lehman et al. (Dyn Med),2006,16762080,13 men,college-age men,push-up plus (hands on support surface),"push-up plus, hands on bench vs Swiss ball",shoulder width,external oblique,plus phase,19.2 (11.9),percent_MVC mean(SD),MVC,Push-up plus variant; ball condition significantly higher (P<0.05),papers/lehman2006-extract.txt
Lehman et al. (Man Ther),2008,17643339,10 men,college students,push-up and push-up plus,"bench vs Swiss ball, hands or feet on support surface",not stated,"upper trapezius, lower trapezius, serratus anterior, biceps brachii",whole rep,"no significant Swiss-ball-vs-bench difference overall; UT and SA significantly affected by FOOT position, not surface stability",direction_only,MVC (surface EMG),"Abstract only, no %MVC numbers recoverable; key finding is that elevating the FEET above the hands changed shoulder-stabilizer amplitude more than adding a labile Swiss ball did",abstracts/lehman2008-pmid17643339.txt
San Juan et al.,2015,25881172,22,healthy adults,push-up plus,traditional (hands+feet on floor),not stated,serratus anterior,"concentric phase, whole ROM",45-57,percent_MVC (this study's own MVIC method),MVIC,"Peak SA activity occurred at 55 degrees of elbow extension during the CONCENTRIC phase, NOT during the plus (scapular protraction) phase -- suggests the plus phase is not required to get SA activation in a standard push-up",abstracts/sanjuan2015-pmid25881172.txt
San Juan et al.,2015,25881172,22,healthy adults,push-up plus,traditional vs modified (knee) push-up plus,not stated,serratus anterior,concentric phase,"traditional > modified by up to 22 percentage points, P<0.05",direction_only,MVIC,"Largest between-exercise difference of the 4 muscles tested (UT, LT, infraspinatus, SA)",abstracts/sanjuan2015-pmid25881172.txt
San Juan et al.,2015,25881172,22,healthy adults,push-up plus,traditional vs modified (knee),not stated,whole-body (vertical GRF),concentric phase,"traditional > modified by 17%, P<0.001",percent_bodyweight (direction/magnitude),N/A (kinetics),"vGRF measure, not EMG",abstracts/sanjuan2015-pmid25881172.txt
San Juan et al.,2015,25881172,22,healthy adults,push-up plus,"context citation (literature range, not this study's data)",n/a,serratus anterior,whole rep,69-120,percent_MVIC,MVIC (varies by source),"Range the authors cite from the prior push-up-plus EMG literature for comparison with their own 45-57% MVC result; their own value is LOWER, attributed to a different MVIC testing method",abstracts/sanjuan2015-pmid25881172.txt
Lim,2021,34946362,40 (19M 21F),healthy adults,knee push-up plus,"knees-down, standard hand width",shoulder width,pectoralis major,plus phase (protraction hold),88.28 (11.40),percent_MVIC mean(SD),MVIC,"Compared against modified Vojta's 3-point support (MV3PS), a non-push-up exercise; PM 88.28 and SA 44.88 here are the KNEE push-up plus values, not full (toes) push-up",papers/lim2021-extract.txt
Lim,2021,34946362,40 (19M 21F),healthy adults,knee push-up plus,"knees-down, standard hand width",shoulder width,lower trapezius,plus phase (protraction hold),34.91 (6.95),percent_MVIC mean(SD),MVIC,"Compared against modified Vojta's 3-point support (MV3PS), a non-push-up exercise; PM 88.28 and SA 44.88 here are the KNEE push-up plus values, not full (toes) push-up",papers/lim2021-extract.txt
Lim,2021,34946362,40 (19M 21F),healthy adults,knee push-up plus,"knees-down, standard hand width",shoulder width,serratus anterior,plus phase (protraction hold),44.88 (3.69),percent_MVIC mean(SD),MVIC,"Compared against modified Vojta's 3-point support (MV3PS), a non-push-up exercise; PM 88.28 and SA 44.88 here are the KNEE push-up plus values, not full (toes) push-up",papers/lim2021-extract.txt
Lim,2021,34946362,40 (19M 21F),healthy adults,knee push-up plus,"knees-down, standard hand width",shoulder width,upper trapezius,plus phase (protraction hold),26.86 (5.44),percent_MVIC mean(SD),MVIC,"Compared against modified Vojta's 3-point support (MV3PS), a non-push-up exercise; PM 88.28 and SA 44.88 here are the KNEE push-up plus values, not full (toes) push-up",papers/lim2021-extract.txt
Borstad et al.,2009,19683822,28,asymptomatic adults,"isometric hold of scapular protraction in the push-up position (fatiguing task, not dynamic reps)","push-up top position, static protraction hold",not stated,4 shoulder muscles (not individually named in abstract),sustained isometric hold to fatigue,decreased median power frequency in all 4 muscles + increased Borg CR10 rating,"direction_only (median frequency shift, a classical EMG fatigue marker, not amplitude)","MVIC for normalization, median-frequency analysis for fatigue",Closest primary source to a push-up-position EMG fatigue study; NOT a dynamic push-up set to failure -- it is a static protraction hold meant to preferentially fatigue serratus anterior. Fatigue reduced scapular posterior tilt and increased internal rotation afterward.,abstracts/borstad2009-pmid19683822.txt
Freeman et al.,2006,16540847,10 (9M 1F),"university-age, good-excellent condition",push-up (12 variants),"standard and 11 others (ballistic, staggered-hand, labile-ball, one-arm, etc.)",not stated,"rectus abdominis, external oblique, internal oblique, latissimus dorsi, erector spinae, pectoralis major, triceps brachii, biceps brachii, anterior deltoid",whole rep,more dynamic/ballistic push-ups = more muscle activation + higher L4-5 spine load; labile balls under the hands = only modest spine-load increase; one-arm push-up = highest spine compression,direction_only,MVC (surface EMG) + biomechanical spine model,Right RA significantly higher than left RA in left-hand-forward push-up and vice versa (P<0.001); same lateral-dominance switch for EO in staggered-hand push-ups (P<0.01),abstracts/freeman2006-pmid16540847.txt
Freeman et al. (via Kowalski et al. 2022),2006,16540847,9M 1F,university-age,push-up,standard,not stated,triceps brachii,whole rep,66.0 (17.6),percent_MVC mean(SD),MVC,"Secondary citation via Kowalski et al. 2022 Table 1, not independently re-verified against Freeman's own tables (closed access, MSSE)",papers/kowalski2022-table1.txt
Freeman et al. (via Kowalski et al. 2022),2006,16540847,9M 1F,university-age,push-up,standard,not stated,pectoralis major,whole rep,61.2 (38.3),percent_MVC mean(SD),MVC,Secondary citation via Kowalski et al. 2022 Table 1,papers/kowalski2022-table1.txt
Freeman et al. (via Kowalski et al. 2022),2006,16540847,9M 1F,university-age,push-up,unstable (labile ball under hands),not stated,triceps brachii,whole rep,68.9 (16.2),percent_MVC mean(SD),MVC,Secondary citation via Kowalski et al. 2022 Table 1,papers/kowalski2022-table1.txt
Freeman et al. (via Kowalski et al. 2022),2006,16540847,9M 1F,university-age,push-up,unstable (labile ball under hands),not stated,pectoralis major,whole rep,68.7 (39.9),percent_MVC mean(SD),MVC,Secondary citation via Kowalski et al. 2022 Table 1,papers/kowalski2022-table1.txt
Borreani et al. (J Exerc Sci Fit),2015,29541105,30 men,physically fit young men,push-up,floor (standard),not stated,anterior deltoid,whole rep,78.54 (4.39),percent_MVIC mean(SE),MVIC,"Floor baseline of a 5-condition comparison (floor, wobble board, stability disc, fitness dome, TRX suspension trainer); SD not reported, table gives SE",papers/borreani2015jesf-extract.txt
Borreani et al. (J Exerc Sci Fit),2015,29541105,30 men,physically fit young men,push-up,floor (standard),not stated,serratus anterior,whole rep,29.07 (3.76),percent_MVIC mean(SE),MVIC,"Floor baseline of a 5-condition comparison (floor, wobble board, stability disc, fitness dome, TRX suspension trainer); SD not reported, table gives SE",papers/borreani2015jesf-extract.txt
Borreani et al. (J Exerc Sci Fit),2015,29541105,30 men,physically fit young men,push-up,floor (standard),not stated,lumbar multifidus,whole rep,3.97 (0.43),percent_MVIC mean(SE),MVIC,"Floor baseline of a 5-condition comparison (floor, wobble board, stability disc, fitness dome, TRX suspension trainer); SD not reported, table gives SE",papers/borreani2015jesf-extract.txt
Borreani et al. (J Exerc Sci Fit),2015,29541105,30 men,physically fit young men,push-up,floor (standard),not stated,rectus femoris (quadriceps),whole rep,20.55 (1.69),percent_MVIC mean(SE),MVIC,"Floor baseline of a 5-condition comparison (floor, wobble board, stability disc, fitness dome, TRX suspension trainer); SD not reported, table gives SE",papers/borreani2015jesf-extract.txt
Borreani et al. (J Exerc Sci Fit),2015,29541105,30 men,physically fit young men,push-up,TRX suspension trainer,not stated,serratus anterior,whole rep,75.48 (9.42),percent_MVIC mean(SE),MVIC,Significantly higher than floor (P<0.001); floor showed the LOWEST SA activation of the 5 conditions in this study,papers/borreani2015jesf-extract.txt
Borreani et al. (J Exerc Sci Fit),2015,29541105,30 men,physically fit young men,push-up,TRX suspension trainer,not stated,rectus femoris (quadriceps),whole rep,37.86 (3.65),percent_MVIC mean(SE),MVIC,TRX was the only device that raised rectus femoris and lumbar multifidus above the other 4 conditions,papers/borreani2015jesf-extract.txt
Borreani et al. (Phys Ther Sport),2015,25882770,29 men,healthy men,push-up,stable (floor),not stated,triceps brachii (long head),whole rep,17.14 (1.31),percent_MVIC mean(SE),MVIC,Stable-floor baseline; suspended push-up at 10cm hand height significantly higher (P<0.05),abstracts/borreani2015b-pmid25882770.txt
Borreani et al. (Phys Ther Sport),2015,25882770,29 men,healthy men,push-up,"suspended, 10 cm hand height",not stated,triceps brachii (long head),whole rep,37.03 (1.80),percent_MVIC mean(SE),MVIC,"Significantly higher than stable-floor, P<0.05",abstracts/borreani2015b-pmid25882770.txt
Borreani et al. (Phys Ther Sport),2015,25882770,29 men,healthy men,push-up,stable (floor),not stated,upper trapezius,whole rep,5.83 (0.58),percent_MVIC mean(SE),MVIC,Stable-floor baseline; suspended at 10cm significantly higher,abstracts/borreani2015b-pmid25882770.txt
Borreani et al. (Phys Ther Sport),2015,25882770,29 men,healthy men,push-up,"suspended, 10 cm hand height",not stated,upper trapezius,whole rep,14.69 (1.91),percent_MVIC mean(SE),MVIC,"Significantly higher than stable-floor, P<0.05",abstracts/borreani2015b-pmid25882770.txt
Borreani et al. (Phys Ther Sport),2015,25882770,29 men,healthy men,push-up,"stable (floor) vs suspended, pooled heights",not stated,"anterior deltoid, pectoralis major (clavicular)",whole rep,"similar or higher on the floor than suspended, no % in abstract",direction_only,MVIC,Opposite pattern from triceps/upper trapezius: DELT and PEC favour the MORE stable condition,abstracts/borreani2015b-pmid25882770.txt
Calatayud et al. (Phys Sportsmed),2014,25419894,29,young fit university students,"push-up (vs bench press, standing cable press)","suspended with/without visual input, floor with/without elastic resistance",not stated,"rectus abdominis, external oblique, pectoralis major (sternocostal), anterior deltoid, triceps brachii (long head), upper trapezius, serratus anterior, posterior deltoid",whole rep,"PM, anterior deltoid and serratus anterior highest in MORE STABLE conditions; abdominals, triceps, posterior deltoid and upper trapezius highest in LESS STABLE/suspended conditions -- opposite patterns",direction_only,MVIC,Elastic-resisted push-ups ~ bench press EMG at high loads with more core challenge; suspended push-ups best for abdominal activation,abstracts/calatayud2014a-pmid25419894.txt
Calatayud et al. (J Sports Sci Med),2014,25177174,29,young fit university students,push-up,floor (standard),150% biacromial width (wide),triceps brachii,whole rep,17.14 (1.31),percent_MVIC mean(SE),MVIC,"Floor baseline of a 5-condition comparison (floor + 4 suspension systems: TRX, Jungle Gym XT, Flying, AirFit Trainer Pro). Anterior deltoid and pectoralis major were HIGHEST on the floor of all 5 conditions; triceps, upper trapezius, RA, RF and erector spinae were all LOWEST on the floor.",papers/calatayud2014jssm-extract.txt
Calatayud et al. (J Sports Sci Med),2014,25177174,29,young fit university students,push-up,floor (standard),150% biacromial width (wide),upper trapezius,whole rep,5.90 (0.56),percent_MVIC mean(SE),MVIC,"Floor baseline of a 5-condition comparison (floor + 4 suspension systems: TRX, Jungle Gym XT, Flying, AirFit Trainer Pro). Anterior deltoid and pectoralis major were HIGHEST on the floor of all 5 conditions; triceps, upper trapezius, RA, RF and erector spinae were all LOWEST on the floor.",papers/calatayud2014jssm-extract.txt
Calatayud et al. (J Sports Sci Med),2014,25177174,29,young fit university students,push-up,floor (standard),150% biacromial width (wide),anterior deltoid,whole rep,26.22 (1.46),percent_MVIC mean(SE),MVIC,"Floor baseline of a 5-condition comparison (floor + 4 suspension systems: TRX, Jungle Gym XT, Flying, AirFit Trainer Pro). Anterior deltoid and pectoralis major were HIGHEST on the floor of all 5 conditions; triceps, upper trapezius, RA, RF and erector spinae were all LOWEST on the floor.",papers/calatayud2014jssm-extract.txt
Calatayud et al. (J Sports Sci Med),2014,25177174,29,young fit university students,push-up,floor (standard),150% biacromial width (wide),pectoralis major (clavicular),whole rep,29.60 (1.88),percent_MVIC mean(SE),MVIC,"Floor baseline of a 5-condition comparison (floor + 4 suspension systems: TRX, Jungle Gym XT, Flying, AirFit Trainer Pro). Anterior deltoid and pectoralis major were HIGHEST on the floor of all 5 conditions; triceps, upper trapezius, RA, RF and erector spinae were all LOWEST on the floor.",papers/calatayud2014jssm-extract.txt
Calatayud et al. (J Sports Sci Med),2014,25177174,29,young fit university students,push-up,floor (standard),150% biacromial width (wide),rectus abdominis,whole rep,23.85 (2.80),percent_MVIC mean(SE),MVIC,"Floor baseline of a 5-condition comparison (floor + 4 suspension systems: TRX, Jungle Gym XT, Flying, AirFit Trainer Pro). Anterior deltoid and pectoralis major were HIGHEST on the floor of all 5 conditions; triceps, upper trapezius, RA, RF and erector spinae were all LOWEST on the floor.",papers/calatayud2014jssm-extract.txt
Calatayud et al. (J Sports Sci Med),2014,25177174,29,young fit university students,push-up,floor (standard),150% biacromial width (wide),rectus femoris (quadriceps),whole rep,7.45 (0.72),percent_MVIC mean(SE),MVIC,"Floor baseline of a 5-condition comparison (floor + 4 suspension systems: TRX, Jungle Gym XT, Flying, AirFit Trainer Pro). Anterior deltoid and pectoralis major were HIGHEST on the floor of all 5 conditions; triceps, upper trapezius, RA, RF and erector spinae were all LOWEST on the floor.",papers/calatayud2014jssm-extract.txt
Calatayud et al. (J Sports Sci Med),2014,25177174,29,young fit university students,push-up,floor (standard),150% biacromial width (wide),erector spinae (lumbar),whole rep,2.03 (0.14),percent_MVIC mean(SE),MVIC,"Floor baseline of a 5-condition comparison (floor + 4 suspension systems: TRX, Jungle Gym XT, Flying, AirFit Trainer Pro). Anterior deltoid and pectoralis major were HIGHEST on the floor of all 5 conditions; triceps, upper trapezius, RA, RF and erector spinae were all LOWEST on the floor.",papers/calatayud2014jssm-extract.txt
Calatayud et al. (J Sports Sci Med),2014,25177174,29,young fit university students,push-up,AirFit Trainer Pro suspension (pulley),150% biacromial,global mean of 7 muscles,whole rep,37.76 (2.27),percent_MVIC mean(SE),MVIC,"Highest overall EMG stimulus of the 5 conditions, P<0.001; floor was lowest at 16.75(0.67)",papers/calatayud2014jssm-extract.txt
Calatayud et al. (J Sports Sci Med),2014,25177174,29,young fit university students,push-up,floor (standard),150% biacromial,global mean of 7 muscles,whole rep,16.75 (0.67),percent_MVIC mean(SE),MVIC,Lowest overall EMG stimulus of the 5 conditions tested,papers/calatayud2014jssm-extract.txt
"Calatayud et al. (via Kowalski et al. 2022, labelled 2014c)",2014,,29,young fit university students,push-up,floor (standard),not stated,serratus anterior,whole rep,24.4 (12.3),percent_MVIC mean(SD),MVIC,"Row from Kowalski et al. 2022 Table 1 attributed to a third Calatayud/Borreani-group 2014 push-up paper distinct from the Phys Sportsmed and J Sports Sci Med papers already in this file; original paper not independently re-identified/re-fetched this session, treat as secondary citation only",papers/kowalski2022-table1.txt
"Calatayud et al. (via Kowalski et al. 2022, labelled 2014c)",2014,,29,young fit university students,push-up,floor (standard),not stated,upper trapezius,whole rep,5.3 (3.2),percent_MVIC mean(SD),MVIC,"Row from Kowalski et al. 2022 Table 1 attributed to a third Calatayud/Borreani-group 2014 push-up paper distinct from the Phys Sportsmed and J Sports Sci Med papers already in this file; original paper not independently re-identified/re-fetched this session, treat as secondary citation only",papers/kowalski2022-table1.txt
"Calatayud et al. (via Kowalski et al. 2022, labelled 2014c)",2014,,29,young fit university students,push-up,floor (standard),not stated,triceps brachii,whole rep,14.0 (8.3),percent_MVIC mean(SD),MVIC,"Row from Kowalski et al. 2022 Table 1 attributed to a third Calatayud/Borreani-group 2014 push-up paper distinct from the Phys Sportsmed and J Sports Sci Med papers already in this file; original paper not independently re-identified/re-fetched this session, treat as secondary citation only",papers/kowalski2022-table1.txt
"Calatayud et al. (via Kowalski et al. 2022, labelled 2014c)",2014,,29,young fit university students,push-up,floor (standard),not stated,pectoralis major,whole rep,23.6 (9.4),percent_MVIC mean(SD),MVIC,"Row from Kowalski et al. 2022 Table 1 attributed to a third Calatayud/Borreani-group 2014 push-up paper distinct from the Phys Sportsmed and J Sports Sci Med papers already in this file; original paper not independently re-identified/re-fetched this session, treat as secondary citation only",papers/kowalski2022-table1.txt
Calatayud et al. (JSCR),2015,24983847,30,"university students, advanced resistance-training experience",push-up (elastic band) vs bench press,6RM-matched,not stated,"prime movers (unspecified, whole-body EMG comparison)",whole rep,no significant baseline EMG difference between 6RM bench press and 6RM elastic-band push-up,direction_only,MVIC,5-week training study: EMG-matched bench press and band-push-up groups produced similar 1RM/6RM strength gains -- supports using EMG-matched push-up variants as a bench-press substitute,abstracts/calatayud2015-pmid24983847.txt
Gottschall et al.,2018,29809073,12 active men,active men,push-up vs bench press,"3 hand positions, toes vs knees",3 positions,8 upper-body and core muscles (unspecified),whole rep,no significant difference push-up (closed chain) vs bench press (open chain) for primary muscle groups except core; narrow hand positions generally higher activation; no sig diff toes vs knees for primary muscles,direction_only,"surface EMG, normalized weight across exercises",Push-up and bench press produce similar primary-mover activation patterns; core activation is the main exception (higher in push-up),abstracts/gottschall2018-pmid29809073.txt
Alizadeh et al.,2020,32390722,20 (10M 10F),resistance-trained adults,push-up vs bench press (to task failure),standard,not stated,triceps brachii,concentric,10.3 (M) / 20.1 (F),percent_MVC (normalized to isometric bench press MVC per abstract text),"MVC (unusual: normalized to a bench-press MVC reference, not push-up's own MVIC)","Significantly LOWER than bench-press concentric triceps EMG, P=0.002. NUMBERS EXTRACTED VIA AUTOMATED FULL-TEXT TOOL, NOT INDEPENDENTLY VERIFIED AGAINST THE ORIGINAL PDF TABLE -- treat as provisional, cross-check before using quantitatively.","papers/alizadeh2020.pdf (fetch blocked by PMC bot-challenge; numbers from WebFetch re-check of PMC HTML, unverified)"
Alizadeh et al.,2020,32390722,20 (10M 10F),resistance-trained adults,push-up vs bench press,standard,not stated,biceps brachii,concentric,8.8 (M) / 14.6 (F),percent_MVC (normalized to bench press MVC),MVC (unusual reference),"Significantly LOWER than bench-press concentric biceps EMG, P=0.03. PROVISIONAL -- see triceps row note.",papers/alizadeh2020.pdf
Alizadeh et al.,2020,32390722,20 (10M 10F),resistance-trained adults,push-up vs bench press,standard,not stated,anterior deltoid,eccentric,9.7 (M) / 13.6 (F),percent_MVC (normalized to bench press MVC),MVC (unusual reference),"Push-up eccentric anterior deltoid EMG was HIGHER than bench-press eccentric anterior deltoid EMG, P=0.03 (abstract states bench-press eccentric was LOWER). PROVISIONAL numbers.",papers/alizadeh2020.pdf
Alizadeh et al.,2020,32390722,20 (10M 10F),resistance-trained adults,push-up vs bench press,standard,not stated,triceps brachii,eccentric,6.2 (M) / 12.0 (F),percent_MVC (normalized to bench press MVC),MVC (unusual reference),"Significant sex difference, P=0.019. PROVISIONAL numbers.",papers/alizadeh2020.pdf
Alizadeh et al.,2020,32390722,20 (10M 10F),resistance-trained adults,push-up (reps to failure),standard,not stated,whole-body (repetitions to task failure),n/a,25.6 (5.2) men / 15.5 (8.0) women,repetitions mean(SD),N/A (performance measure),"Both sexes performed far MORE push-up than bench-press reps at a matched relative load (53-77% fewer bench reps); regression: +0.97 bench reps per push-up rep for men, +0.36 for women",abstracts/alizadeh2020-pmid32390722.txt
Escamilla et al.,2010,20436242,18,healthy adults,decline push-up (feet elevated on Swiss ball),"decline, feet on ball",not stated,"upper rectus abdominis, lower rectus abdominis, external oblique, internal oblique",whole rep,"within the study's overall 7-53% (upper RA), 7-44% (lower RA), 14-73% (EO), 16-47% (IO) ranges across all 10 exercises tested -- decline push-up's own individual value not separately recoverable from the abstract","percent_MVIC, range only",MVIC,Decline push-up was NOT the top exercise for any of these 4 muscles (roll-out and pike were); exact decline-push-up-specific number needs the full paywalled tables,abstracts/escamilla2010-pmid20436242.txt
Escamilla et al.,2010,20436242,18,healthy adults,decline push-up,"decline, feet on ball",not stated,latissimus dorsi,whole rep,17-25,percent_MVIC,MVIC,"Decline push-up was in the HIGH group for lat dorsi activation (along with pike, knee-up, skier, hip extension)",abstracts/escamilla2010-pmid20436242.txt
Escamilla et al.,2010,20436242,18,healthy adults,decline push-up,"decline, feet on ball",not stated,rectus femoris (quadriceps),whole rep,6-10,percent_MVIC,MVIC,"Decline push-up was in the LOW group for rectus femoris (along with crunch, roll-out, hip-extension-right)",abstracts/escamilla2010-pmid20436242.txt
Escamilla et al.,2010,20436242,18,healthy adults,decline push-up,"decline, feet on ball",not stated,lumbar erector spinae/paraspinal,whole rep,<10,percent_MVIC,MVIC,"Low for all 10 exercises tested, including decline push-up",abstracts/escamilla2010-pmid20436242.txt
Tahani et al.,2026,42218292,"15 (women without scapular dyskinesis, of 30 total)","female overhead-sport athletes, healthy subgroup (WSD)",push-up,"standard, shoulder width",shoulder width,erector spinae,whole rep (sustained push-up-position hold),6.63 (4.99),percent_MVIC mean(SD),MVIC,WSD = 'without scapular dyskinesis' healthy-baseline subgroup; SD (scapular-dyskinesis) subgroup was significantly LOWER on all of these except external oblique. This is the only primary source located this session with a gluteus medius push-up EMG number.,papers/tahani2026-extract.txt
Tahani et al.,2026,42218292,"15 (women without scapular dyskinesis, of 30 total)","female overhead-sport athletes, healthy subgroup (WSD)",push-up,"standard, shoulder width",shoulder width,multifidus,whole rep (sustained push-up-position hold),5.24 (3.2),percent_MVIC mean(SD),MVIC,WSD = 'without scapular dyskinesis' healthy-baseline subgroup; SD (scapular-dyskinesis) subgroup was significantly LOWER on all of these except external oblique. This is the only primary source located this session with a gluteus medius push-up EMG number.,papers/tahani2026-extract.txt
Tahani et al.,2026,42218292,"15 (women without scapular dyskinesis, of 30 total)","female overhead-sport athletes, healthy subgroup (WSD)",push-up,"standard, shoulder width",shoulder width,gluteus medius,whole rep (sustained push-up-position hold),5.24 (2.01),percent_MVIC mean(SD),MVIC,WSD = 'without scapular dyskinesis' healthy-baseline subgroup; SD (scapular-dyskinesis) subgroup was significantly LOWER on all of these except external oblique. This is the only primary source located this session with a gluteus medius push-up EMG number.,papers/tahani2026-extract.txt
Tahani et al.,2026,42218292,"15 (women without scapular dyskinesis, of 30 total)","female overhead-sport athletes, healthy subgroup (WSD)",push-up,"standard, shoulder width",shoulder width,external oblique,whole rep (sustained push-up-position hold),13.84 (7.11),percent_MVIC mean(SD),MVIC,WSD = 'without scapular dyskinesis' healthy-baseline subgroup; SD (scapular-dyskinesis) subgroup was significantly LOWER on all of these except external oblique. This is the only primary source located this session with a gluteus medius push-up EMG number.,papers/tahani2026-extract.txt
Tahani et al.,2026,42218292,"15 (women without scapular dyskinesis, of 30 total)","female overhead-sport athletes, healthy subgroup (WSD)",push-up,"standard, shoulder width",shoulder width,transversus abdominis / internal oblique,whole rep (sustained push-up-position hold),18.75 (8.13),percent_MVIC mean(SD),MVIC,WSD = 'without scapular dyskinesis' healthy-baseline subgroup; SD (scapular-dyskinesis) subgroup was significantly LOWER on all of these except external oblique. This is the only primary source located this session with a gluteus medius push-up EMG number.,papers/tahani2026-extract.txt
Tahani et al.,2026,42218292,"15 (women without scapular dyskinesis, of 30 total)","female overhead-sport athletes, healthy subgroup (WSD)",push-up,"standard, shoulder width",shoulder width,rectus abdominis,whole rep (sustained push-up-position hold),21.94 (9.67),percent_MVIC mean(SD),MVIC,WSD = 'without scapular dyskinesis' healthy-baseline subgroup; SD (scapular-dyskinesis) subgroup was significantly LOWER on all of these except external oblique. This is the only primary source located this session with a gluteus medius push-up EMG number.,papers/tahani2026-extract.txt
Tahani et al.,2026,42218292,"15 (women without scapular dyskinesis, of 30 total)","female overhead-sport athletes, healthy subgroup (WSD)",push-up,"standard, shoulder width",shoulder width,serratus anterior,whole rep (sustained push-up-position hold),24.04 (6.12),percent_MVIC mean(SD),MVIC,WSD = 'without scapular dyskinesis' healthy-baseline subgroup; SD (scapular-dyskinesis) subgroup was significantly LOWER on all of these except external oblique. This is the only primary source located this session with a gluteus medius push-up EMG number.,papers/tahani2026-extract.txt
Kowalski et al. (scoping review),2022,35599715,30 studies pooled (weighted mean),"pooled across studies, healthy adults","push-up, 6 types",unstable / standard / suspension / push-up plus / incline-ball / incline-stable,pooled,global (all muscles pooled),whole rep,Unstable 49.6(40.5) > Standard 38.2(41.8) > Suspension 36.7(31.9) > PU-plus 30.1(30.6) > Incline-ball 26.1(20.7) > Incline-stable 15.8(13.4),percent_MVIC weighted mean(SD),MVIC (pooled from source studies),"Global EMG activity ranking across the 6 push-up types this review's 30 studies covered; the STANDARD push-up is the 2nd-highest-activity variant overall, after unstable-surface push-ups",papers/kowalski2022-extract.txt
Kowalski et al. (scoping review),2022,35599715,30 studies pooled,pooled,"push-up, all types",all,pooled,"pectoralis major, triceps brachii",whole rep,highest EMG amplitude in 4 of 6 push-up types,direction_only (ranking),MVIC (pooled),PM and triceps are consistently the highest-amplitude muscles across push-up variants in this review's synthesis,papers/kowalski2022-extract.txt
Kowalski et al. (scoping review),2022,35599715,30 studies pooled,pooled,"push-up, all types",all,pooled,serratus anterior,whole rep,highest EMG amplitude during push-up plus and incline push-up specifically,direction_only (ranking),MVIC (pooled),"SA is the standout muscle for the plus and incline variants, not for the plain standard push-up",papers/kowalski2022-extract.txt
Kowalski et al. (scoping review),2022,35599715,30 studies pooled,pooled,"push-up, all types",all,pooled,upper trapezius,whole rep,lowest EMG amplitude in 4 of 6 push-up types,direction_only (ranking),MVIC (pooled),UT is consistently the least-activated of the shoulder-girdle muscles reviewed,papers/kowalski2022-extract.txt
Kang et al. (meta-analysis),2019,31584855,213 (11 studies in meta-analysis; 356 in full systematic review of 19 studies),"pooled, healthy adults",push-up plus,"stable vs unstable surface, pooled across hand/elbow/shoulder positions",not stated,serratus anterior,whole rep,0.01,"percent_MVIC mean_difference(95% CI -4.90, 4.92)",MVIC (pooled random-effects meta-analysis),NO significant difference in SA activation between stable and unstable support surfaces -- contradicts the common assumption that instability boosts SA,papers/kang2019-extract.txt
Kang et al. (meta-analysis),2019,31584855,213 (11 studies),"pooled, healthy adults",push-up plus,"stable vs unstable surface, pooled",not stated,upper trapezius,whole rep,-2.85,"percent_MVIC mean_difference(95% CI -5.51, -0.19)",MVIC (pooled random-effects meta-analysis),Significantly MORE upper trapezius activity on an unstable surface -- authors attribute this to increased glenohumeral flexion/scapular elevation when the hands are unsupported,papers/kang2019-extract.txt
"Kang et al. (systematic review, narrative)",2019,31584855,356 (19 studies),"pooled, healthy adults",push-up plus,"standard PUP on stable surface, full elbow extension, shoulder width, shoulder flexion 110-120 degrees, ipsilateral leg lifted",shoulder width,"serratus anterior, upper trapezius",whole rep,this configuration gives the HIGHEST SA EMG and LOWEST UT EMG of all push-up-plus configurations reviewed,direction_only (best-practice recommendation),MVIC (narrative synthesis),Authors' bottom-line exercise prescription for maximising SA-selective activation in a push-up-plus,papers/kang2019-extract.txt
Arghadeh et al. (2023 meta-analysis),2023,38116582,38 studies (92 screened),"people without scapular dyskinesis, pooled",push-up (PU),unstable vs stable surface,not stated,upper trapezius,whole rep,0.425,"SMD (95% CI 0.077, 0.773)",standardized_mean_difference (random-effects meta-analysis),"Significant increase in UT activity on unstable surfaces during plain push-ups, P=0.017",papers/arghadeh2023-extract.txt
Arghadeh et al. (2023 meta-analysis),2023,38116582,38 studies,people without scapular dyskinesis,knee push-up,unstable vs stable surface,not stated,upper trapezius,whole rep,0.474,"SMD (95% CI 0.066, 0.882)",standardized_mean_difference,"Significant increase in UT activity on unstable surfaces during knee push-ups, P=0.023",papers/arghadeh2023-extract.txt
Arghadeh et al. (2023 meta-analysis),2023,38116582,38 studies,people without scapular dyskinesis,push-up plus,unstable vs stable surface,not stated,middle trapezius,whole rep,0.672,"SMD (95% CI 0.225, 1.119)",standardized_mean_difference,"Significant increase on unstable surfaces during push-up plus, P=0.003",papers/arghadeh2023-extract.txt
Arghadeh et al. (2023 meta-analysis),2023,38116582,38 studies,people without scapular dyskinesis,push-up plus,unstable vs stable surface,not stated,serratus anterior,whole rep,0.216,"SMD (95% CI 0.011, 0.420)",standardized_mean_difference,"Small but significant increase on unstable surfaces during push-up plus specifically, P=0.039",papers/arghadeh2023-extract.txt
Arghadeh et al. (2024 meta-analysis),2024,38840951,28 studies (80 screened),"people without scapular dyskinesis, pooled",push-up (PU),unstable vs stable surface,not stated,anterior deltoid,whole rep,-0.630,"SMD (95% CI -1.205, -0.055)",standardized_mean_difference (random-effects meta-analysis),"Significant DECREASE in anterior deltoid activity on unstable surfaces, P=0.032 -- the most stable/suitable exercise for maximising anterior deltoid is PU on a STABLE surface, per the authors' conclusion",papers/arghadeh2024-extract.txt
Arghadeh et al. (2024 meta-analysis),2024,38840951,28 studies,people without scapular dyskinesis,push-up (PU),unstable vs stable surface,not stated,pectoralis major,whole rep,0.282,"SMD (95% CI 0.079, 0.484)",standardized_mean_difference,"Significant increase on unstable surfaces, P=0.006",papers/arghadeh2024-extract.txt
Arghadeh et al. (2024 meta-analysis),2024,38840951,28 studies,people without scapular dyskinesis,knee push-up,unstable vs stable surface,not stated,pectoralis major,whole rep,0.309,"SMD (95% CI 0.052, 0.565)",standardized_mean_difference,"Significant increase on unstable surfaces, P=0.018",papers/arghadeh2024-extract.txt
Arghadeh et al. (2024 meta-analysis),2024,38840951,28 studies,people without scapular dyskinesis,push-up (PU),unstable vs stable surface,not stated,triceps brachii,whole rep,0.813,"SMD (95% CI 0.457, 1.168)",standardized_mean_difference,"Large, significant increase on unstable surfaces, P<0.001",papers/arghadeh2024-extract.txt
Arghadeh et al. (2024 meta-analysis),2024,38840951,28 studies,people without scapular dyskinesis,knee push-up,unstable vs stable surface,not stated,triceps brachii,whole rep,0.589,"SMD (95% CI 0.288, 0.891)",standardized_mean_difference,"Significant increase on unstable surfaces, P<0.001",papers/arghadeh2024-extract.txt
Arghadeh et al. (2024 meta-analysis),2024,38840951,28 studies,people without scapular dyskinesis,push-up plus,unstable vs stable surface,not stated,triceps brachii,whole rep,0.563,"SMD (95% CI 0.161, 0.965)",standardized_mean_difference,"Significant increase on unstable surfaces, P=0.006",papers/arghadeh2024-extract.txt
Arghadeh et al. (2024 meta-analysis),2024,38840951,28 studies,people without scapular dyskinesis,push-up plus,unstable vs stable surface,not stated,pectoralis major,whole rep,0.207,"SMD (95% CI -0.194, 0.609)",standardized_mean_difference,"NOT significant for push-up plus specifically (P=0.312), unlike plain PU and knee PU where PM did increase",papers/arghadeh2024-extract.txt
Mendez-Rebolledo et al. (systematic review),2021,32831190,"29 studies, 30 exercise variations","pooled, healthy participants",push-up variants among 7 CKC exercise families,"half push-up, push-up plus, scap protraction, press up, one-hand plank",not stated,serratus anterior,concentric+eccentric average,"Half Push-Up, Push-Up Plus and Scap Protraction show optimal SA ratio (UT/SA < 0.6)",ratio_classification (optimal if <=0.6),MVIC ratio (pooled),'Optimal' = UT does not dominate over the target muscle,abstracts/mendezrebolledo2021-pmid32831190.txt
Mendez-Rebolledo et al. (systematic review),2021,32831190,29 studies,"pooled, healthy participants",push-up variants,"press up, half push-up, one-hand plank",not stated,lower trapezius,concentric+eccentric average,"Press Up, Half Push-Up and One-Hand Plank show optimal LT ratio (UT/LT < 0.6)",ratio_classification (optimal if <=0.6),MVIC ratio (pooled),Higher-position/unstable-surface exercises favour UT over MT/LT/SA in this review's synthesis,abstracts/mendezrebolledo2021-pmid32831190.txt
Karabay et al. (systematic review),2019,31860828,"29 studies, 79 CKC exercises","pooled, healthy shoulders",push-up variants among CKC exercises,isometric one-hand knee push-up,one-hand,upper trapezius / lower trapezius ratio,whole rep,isometric one-hand knee push-up variations were rated the best choice for UT/LT ratio of all 79 CKC exercises reviewed,ratio_classification (optimal if <=0.6),MVIC ratio (pooled),Also cited in ../pullup-science/01-emg-and-anatomy.md for pull-up-adjacent CKC exercises; here cited specifically for its push-up-variant conclusion,abstracts/karabay2019-pmid31860828.txt
Ebben et al.,2011,21873902,23 (14M 9F),recreationally fit adults,"push-up (kinetics only, not EMG)","regular, flexed-knee, feet-elevated (30/61cm), hands-elevated (30/61cm)",not stated,whole-body (peak vertical GRF),whole rep,"feet-elevated > all others; hands-elevated and flexed-knee < all others, P<=0.05",percent_bodyweight (direction only),"N/A (kinetics, not EMG)","Context-only kinetics citation, no EMG in this paper",abstracts/ebben2011-pmid21873902.txt
Dhahbi et al.,2017,27193045,37 commando soldiers,highly active military trainees,"plyometric push-up (kinetics only, not EMG)","standard/kneeling countermovement and squat, drop-fall",not stated,whole-body (GRF-based parameters),flight/impact,"initial force + impact force higher in standard vs kneeling variants, P<.001",percent_bodyweight / force (direction only),"N/A (kinetics, not EMG)",Context-only kinetics citation for plyometric push-up variant loading; no EMG,abstracts/dhahbi2017-pmid27193045.txt
Dhahbi et al. (systematic review),2022,30284496,"26 studies, 46 push-up variants",pooled,"push-up (kinetics review, not EMG)",46 variants pooled,not stated,whole-body (kinetic characteristics),whole rep,"systematic review of push-up kinetics (initial/peak upper-limb force, impact force, elbow moment, spinal compressive force) across 46 variants; no EMG data","narrative synthesis, no single number","N/A (kinetics, not EMG)","Context-only; useful for cross-checking variant loading claims, not for the %MVIC ordering table",abstracts/dhahbi2022review-pmid30284496.txt
Zalleg et al.,2020,30095736,37 commando soldiers,highly active military trainees,"explosive/plyometric push-up (kinetics only, not EMG)","standard/kneeling countermovement and squat, drop-fall",not stated,whole-body (GRF-based parameters),flight/impact,GRF-based PCA model validates explosive push-up variants as upper-body power tests,direction_only,"N/A (kinetics, not EMG)","Context-only kinetics citation, no EMG",abstracts/zalleg2020-pmid30095736.txt
Suprak et al.,2011,20179649,28 highly strength-trained men,highly strength-trained men,"push-up (kinetics only, not EMG)","traditional vs modified (knee), top vs bottom position",not stated,whole-body (percent body mass supported),top vs bottom of ROM,less weight supported at TOP than BOTTOM of both traditional and modified push-up; % change greater in modified variant,percent_bodyweight (direction only),"N/A (kinetics, not EMG)",Useful for phase-resolved LOAD (not muscle activity) context: top of a push-up is mechanically easier than the bottom,abstracts/suprak2011-pmid20179649.txt
Suprak et al.,2013,23952043,16,healthy adults,"push-up (scapular kinematics only, not EMG)",self-selected / at-side / elevated shoulder position,not stated,"scapula (posterior tilt, upward rotation, external rotation)",concentric ROM,elevated-shoulder push-up position may place the scapula in an impingement-risk position; posterior tilt increases linearly with elbow extension,"direction_only (kinematics, not EMG)",N/A (motion capture),"Context-only kinematics citation, no EMG in this paper",abstracts/suprak2013-pmid23952043.txt
